Mark Otto, Tue Jan 31 19:32:42 2012 -0800 : fix links and rebuild
Mark Otto, Tue Jan 31 17:24:20 2012 -0800 : update upgrade page
Mark Otto, Tue Jan 31 14:30:07 2012 -0800 : Merge branch '2.0-wip' of github.com:twitter/bootstrap into 2.0-wip
Mark Otto, Tue Jan 31 14:29:44 2012 -0800 : remove unused examples, update examples docs page, add starter template to examples, remove warning alert banner, add screenshots
Mark Otto, Tue Jan 31 14:00:26 2012 -0800 : remove warning alert on less docs
Mark Otto, Tue Jan 31 13:57:43 2012 -0800 : fix broken nav on less page
Mark Otto, Tue Jan 31 13:16:11 2012 -0800 : clean up responsive media queries and docs css
Mark Otto, Tue Jan 31 09:40:11 2012 -0800 : Merge branch '2.0-wip' of github.com:twitter/bootstrap into 2.0-wip
Mark Otto, Tue Jan 31 09:39:59 2012 -0800 : Merge pull request #1459 from nkryptic/add-help-text
Mark Otto, Tue Jan 31 09:37:44 2012 -0800 : fix typo in base css docs
Mark Otto, Tue Jan 31 09:37:14 2012 -0800 : fix js docs typo
Mark Otto, Tue Jan 31 00:15:43 2012 -0800 : fix disabled button docs
Mark Otto, Tue Jan 31 00:12:34 2012 -0800 : Merge pull request #1457 from nkryptic/2.0-wip
Mark Otto, Tue Jan 31 00:11:19 2012 -0800 : chance icon class
Mark Otto, Mon Jan 30 23:27:58 2012 -0800 : disable cursor on disabled and active pagination links
Mark Otto, Mon Jan 30 23:24:35 2012 -0800 : once more, overhaul the icons and use the css regex selector on our icons
Mark Otto, Mon Jan 30 23:17:05 2012 -0800 : fix the other disabled button style
Mark Otto, Mon Jan 30 23:16:27 2012 -0800 : fix button styles on active and disabled
Mark Otto, Mon Jan 30 23:10:29 2012 -0800 : update layout docs
Mark Otto, Mon Jan 30 23:02:24 2012 -0800 : restore a few commented out responsive items
Mark Otto, Mon Jan 30 22:57:00 2012 -0800 : update icons everywhere to be scoped per other components, fix broken elements on js docs page
Mark Otto, Mon Jan 30 21:29:50 2012 -0800 : refactor the navs to use prefixed classes, because you know, consistency is beast mode
Mark Otto, Mon Jan 30 21:15:57 2012 -0800 : *really* refactor the buttons and update them all over the docs
Mark Otto, Mon Jan 30 20:50:51 2012 -0800 : refactor buttons.less
Mark Otto, Mon Jan 30 10:01:02 2012 -0800 : fix wrong value in grid column width in download page
Mark Otto, Mon Jan 30 09:41:31 2012 -0800 : implement @textColor for body text
Mark Otto, Mon Jan 30 09:19:25 2012 -0800 : large carousel images and margin bottom added
Mark Otto, Mon Jan 30 08:58:40 2012 -0800 : fix docs: move .pull-left from search input to search form in navbar
Mark Otto, Mon Jan 30 08:20:37 2012 -0800 : account for floated inputs in the .navbar-form
Mark Otto, Mon Jan 30 08:15:28 2012 -0800 : adding warning (orange) button, fix responsive navbar problem
Mark Otto, Mon Jan 30 08:04:48 2012 -0800 : remove all new dropdown button stuff
Mark Otto, Mon Jan 30 07:59:24 2012 -0800 : testing out button dropdown group
Mark Otto, Mon Jan 30 07:54:47 2012 -0800 : add skew mixin
Mark Otto, Mon Jan 30 07:49:28 2012 -0800 : add in regular button dropdowns, rejigger the button dropdowns section to reflect change
Mark Otto, Mon Jan 30 07:40:24 2012 -0800 : remove top 5px padding from first inline radio/checkbox
Mark Otto, Mon Jan 30 01:34:59 2012 -0800 : update vars in less and download pages
Mark Otto, Mon Jan 30 01:30:18 2012 -0800 : update tests for popover to use proper classes
Mark Otto, Mon Jan 30 01:25:02 2012 -0800 : fix forms typo on error state
Mark Otto, Mon Jan 30 01:24:02 2012 -0800 : updated upgrade page to reflect popover changes
Mark Otto, Mon Jan 30 01:20:51 2012 -0800 : namespace popover values
Mark Otto, Mon Jan 30 01:18:45 2012 -0800 : scope .content in container example
Mark Otto, Mon Jan 30 01:09:34 2012 -0800 : rename vertical-divider to divider-vertical, add more space around the divider
Mark Otto, Mon Jan 30 01:06:20 2012 -0800 : update reverse fluid layout to mirror the fluid layout
Mark Otto, Mon Jan 30 00:44:27 2012 -0800 : update js docs page to clarify usage of images on carousel
Mark Otto, Mon Jan 30 00:43:57 2012 -0800 : Merge branch '2.0-wip' of github.com:twitter/bootstrap into 2.0-wip
Mark Otto, Mon Jan 30 00:39:44 2012 -0800 : overhaul grid mixins and variables, standardize fluid grid system and enable it across responsive layouts
Mark Otto, Sun Jan 29 17:03:05 2012 -0800 : subnav adjustments
Mark Otto, Sun Jan 29 16:58:51 2012 -0800 : move vars and mixins for default grid back to appropriate files
Mark Otto, Sun Jan 29 16:55:56 2012 -0800 : Merge branch '2.0-wip' of github.com:twitter/bootstrap into 2.0-wip
Mark Otto, Sun Jan 29 16:54:51 2012 -0800 : remove .collapse from navbar responsive docs
Mark Otto, Sun Jan 29 16:43:03 2012 -0800 : reran make
Mark Otto, Sun Jan 29 16:42:37 2012 -0800 : Merge branch '2.0-wip' of github.com:twitter/bootstrap into 2.0-wip
Mark Otto, Sun Jan 29 16:35:55 2012 -0800 : fix broken navbar collapse
Mark Otto, Sun Jan 29 14:23:06 2012 -0800 : Merge branch '2.0-wip' of github.com:twitter/bootstrap into 2.0-wip
Mark Otto, Sun Jan 29 14:22:51 2012 -0800 : update navbar collapse everywhere and remake
Mark Otto, Sun Jan 29 14:07:58 2012 -0800 : update collapsible nav in navbar
Mark Otto, Sun Jan 29 13:29:50 2012 -0800 : Merge pull request #1404 from ChadMoran/patch-1
Mark Otto, Sun Jan 29 13:25:36 2012 -0800 : Merge branch '2.0-wip' of github.com:twitter/bootstrap into 2.0-wip
Mark Otto, Sun Jan 29 13:25:13 2012 -0800 : fix form styles on prepend/append for consistency, update code docs with examples of the code snippets
Mark Otto, Sun Jan 29 13:15:38 2012 -0800 : fix animated/striped gradients in progress bars
Mark Otto, Sun Jan 29 13:12:13 2012 -0800 : refined pager styles to give a border on the links and improved hover state
Mark Otto, Sun Jan 29 13:09:10 2012 -0800 : update text on icons note
Mark Otto, Sun Jan 29 13:07:31 2012 -0800 : fix js readme api capitalization
Mark Otto, Sun Jan 29 13:06:57 2012 -0800 : last minute addition of a simple fluid grid for our fluid examples; it needs work, so we're not documenting it now
Mark Otto, Sun Jan 29 02:27:45 2012 -0800 : update hero example and examples overview
Mark Otto, Sun Jan 29 00:07:01 2012 -0800 : remove form docs from the styles and markup, it's no longer needed
Mark Otto, Sat Jan 28 23:58:39 2012 -0800 : add swatches to the color variables in less docs page
Mark Otto, Sat Jan 28 23:41:18 2012 -0800 : Merge branch '2.0-wip' of github.com:twitter/bootstrap into 2.0-wip
Mark Otto, Sat Jan 28 23:40:52 2012 -0800 : removing required .navbar-static class, rewrote docs to reflect the change, and updated the upgrade docs page to include the navbar section
Mark Otto, Sat Jan 28 23:29:10 2012 -0800 : Merge pull request #1367 from lukeman/update-example-layouts
Mark Otto, Sat Jan 28 22:48:25 2012 -0800 : revamped the thumbnails examples to make them work and look better at higher resolution
Mark Otto, Sat Jan 28 22:14:51 2012 -0800 : namespace progress bars and labels classes
Mark Otto, Sat Jan 28 22:03:14 2012 -0800 : updates to responsive and docs for responsive navbar
Mark Otto, Sat Jan 28 20:34:07 2012 -0800 : clarify and tweak media queries
Mark Otto, Sat Jan 28 20:27:18 2012 -0800 : remove benefits from homepage html
Mark Otto, Sat Jan 28 20:26:27 2012 -0800 : update docs to simplify some css
Mark Otto, Sat Jan 28 18:46:41 2012 -0800 : fix alert close position
Mark Otto, Sat Jan 28 18:39:36 2012 -0800 : update components page to include docs for the new navbar collapse feature, re-add responsive.less to downloader
Mark Otto, Sat Jan 28 18:27:09 2012 -0800 : fix dropdowns in subnav
Mark Otto, Sat Jan 28 18:25:05 2012 -0800 : more responsive tweaks for tablet
Mark Otto, Sat Jan 28 18:11:31 2012 -0800 : fix the navbar click and a few jank responsive problems
Mark Otto, Sat Jan 28 16:48:03 2012 -0800 : remove background from accordion, and use border instead
Mark Otto, Sat Jan 28 16:37:43 2012 -0800 : remove padding from first-child of inline radios/checkboxes
Mark Otto, Sat Jan 28 15:09:23 2012 -0800 : add in a navbar button for toggling the nav items
Mark Otto, Sat Jan 28 14:51:14 2012 -0800 : Merge branch '2.0-wip' of github.com:twitter/bootstrap into 2.0-wip
Mark Otto, Sat Jan 28 14:50:56 2012 -0800 : vertical align inline checkboxes/radios to improve rendering in topbar
Mark Otto, Sat Jan 28 14:30:45 2012 -0800 : change .span* inputs to use content-sizing: border-box; to make them behave as block level elements
Mark Otto, Sat Jan 28 14:20:27 2012 -0800 : comment for progress bars firefox keyframes
Mark Otto, Sat Jan 28 13:30:34 2012 -0800 : Merge branch '2.0-wip' of github.com:twitter/bootstrap into 2.0-wip
Mark Otto, Sat Jan 28 13:30:15 2012 -0800 : fix tabs-below typo
Mark Otto, Sat Jan 28 13:13:01 2012 -0800 : restore IE filters, but reset them  on buttons
Mark Otto, Sat Jan 28 13:07:01 2012 -0800 : add checkbox/radio border for ios in responsive
Mark Otto, Sat Jan 28 12:58:26 2012 -0800 : fix border and border radius on radios/checkboxes for iOS, fix forms docs alignment on small devices
Mark Otto, Sat Jan 28 12:49:26 2012 -0800 : reset border-radius only for ie9?
Mark Otto, Sat Jan 28 12:43:45 2012 -0800 : Merge branch '2.0-wip' of github.com:twitter/bootstrap into 2.0-wip
Mark Otto, Sat Jan 28 12:43:19 2012 -0800 : darken buttons, uncomment out firefox keyframes from progress bars
Mark Otto, Sat Jan 28 12:03:26 2012 -0800 : update mixins to fix radial gradient
Mark Otto, Sat Jan 28 11:24:34 2012 -0800 : increase padding on modal-header after decreasing h3 line-height
Mark Otto, Sat Jan 28 11:22:07 2012 -0800 : Merge branch '2.0-wip' of github.com:twitter/bootstrap into 2.0-wip
Mark Otto, Sat Jan 28 11:21:39 2012 -0800 : nav, buttons, and docs updates to account for outline: 0; on :active
Mark Otto, Sat Jan 28 01:34:07 2012 -0800 : updated upgrading page
Mark Otto, Sat Jan 28 00:43:25 2012 -0800 : change text on js docs page to improve rendering on iphone, update responsive for carousel considerations
Mark Otto, Sat Jan 28 00:39:34 2012 -0800 : Merge branch '2.0-wip' of github.com:twitter/bootstrap into 2.0-wip
Mark Otto, Sat Jan 28 00:39:22 2012 -0800 : modal refinements in docs and general responsiveness
Mark Otto, Sat Jan 28 00:34:54 2012 -0800 : remove fixed width from labels table
Mark Otto, Sat Jan 28 00:31:55 2012 -0800 : extend block level smalls to h2s in docs
Mark Otto, Sat Jan 28 00:29:38 2012 -0800 : block level page-header h1 small for readability on 480px and under
Mark Otto, Sat Jan 28 00:27:49 2012 -0800 : scope subnav link styles to first child, and no dropdowns
Mark Otto, Sat Jan 28 00:25:54 2012 -0800 : drop span2-4 on form examples to 1-3
Mark Otto, Sat Jan 28 00:23:44 2012 -0800 : Merge branch '2.0-wip' of github.com:twitter/bootstrap into 2.0-wip
Mark Otto, Sat Jan 28 00:23:30 2012 -0800 : rewrite the code section of the type docs
Mark Otto, Fri Jan 27 23:53:56 2012 -0800 : give append/prepend inputs higher z-index on focus
Mark Otto, Fri Jan 27 23:27:33 2012 -0800 : call attention to notices in js docs more
Mark Otto, Fri Jan 27 22:56:48 2012 -0800 : fix regression in textarea shadows
Mark Otto, Fri Jan 27 22:52:56 2012 -0800 : Merge branch '2.0-wip' of github.com:twitter/bootstrap into 2.0-wip
Mark Otto, Fri Jan 27 22:52:45 2012 -0800 : adding wells and close icon to the docs under misc in components, with a new subnav style
Mark Otto, Fri Jan 27 21:25:35 2012 -0800 : fix right aligned dropdowns in navbar by adding left: auto; to nix default alignment
Mark Otto, Fri Jan 27 21:20:58 2012 -0800 : add clearfix to control-group for longer labels and any other unforeseen circumstances
Mark Otto, Fri Jan 27 21:09:24 2012 -0800 : Merge branch '2.0-wip' of github.com:twitter/bootstrap into 2.0-wip
Mark Otto, Fri Jan 27 21:08:04 2012 -0800 : rgba text color on active buttons for a bit more contrast from their non-active siblings
Mark Otto, Fri Jan 27 20:17:03 2012 -0800 : update progress bars to have a solid edge until 100% filled
Mark Otto, Fri Jan 27 20:05:03 2012 -0800 : use quotes on attr selectors more consistently
Mark Otto, Fri Jan 27 19:57:53 2012 -0800 : icon spacing in small buttons and nav lists
Mark Otto, Fri Jan 27 19:49:56 2012 -0800 : fixing up buttons and examples of implementing icons
Mark Otto, Fri Jan 27 19:12:09 2012 -0800 : Merge branch '2.0/docs/base/icons' of https://github.com/buraktuyan/bootstrap into buraktuyan-2.0/docs/base/icons
Mark Otto, Fri Jan 27 18:49:00 2012 -0800 : comment icons that are 1px off
Mark Otto, Fri Jan 27 18:44:17 2012 -0800 : combined .disabled and [disabled] and confirmed in ie7/8
Mark Otto, Fri Jan 27 18:33:25 2012 -0800 : new tab focus style and mixin
Mark Otto, Fri Jan 27 16:40:14 2012 -0800 : clean up use of mixins to highlight them appropriately in your fav editor
Mark Otto, Fri Jan 27 16:35:32 2012 -0800 : Merge branch 'ie_7_components' of https://github.com/phopkins/bootstrap into phopkins-ie_7_components
Mark Otto, Fri Jan 27 16:26:55 2012 -0800 : overhaul navbar behavior in responsive css
Mark Otto, Fri Jan 27 15:28:09 2012 -0800 : remove page-header from docs and add to type.less
Mark Otto, Fri Jan 27 14:49:02 2012 -0800 : Merge branch '2.0-wip' of github.com:twitter/bootstrap into 2.0-wip
Mark Otto, Fri Jan 27 14:48:35 2012 -0800 : update examples and restore icons
Mark Otto, Fri Jan 27 14:21:17 2012 -0800 : fix inputs in navbar
Mark Otto, Fri Jan 27 14:03:36 2012 -0800 : remove unused images from docs assets
Mark Otto, Fri Jan 27 13:56:50 2012 -0800 : update the docs for icons
Mark Otto, Fri Jan 27 13:43:51 2012 -0800 : Merge branch '2.0-wip' of https://github.com/buraktuyan/bootstrap into buraktuyan-2.0-wip
Mark Otto, Fri Jan 27 13:43:28 2012 -0800 : Merge branch '2.0-wip' of github.com:twitter/bootstrap into 2.0-wip
Mark Otto, Fri Jan 27 13:39:19 2012 -0800 : update icon examples to show icons in differently sized buttons
Mark Otto, Fri Jan 27 13:36:08 2012 -0800 : align text in buttons so folks can easily make them different widths
Mark Otto, Fri Jan 27 13:35:25 2012 -0800 : i18n download page
Mark Otto, Fri Jan 27 13:21:01 2012 -0800 : Merge branch '2.0-wip' of github.com:twitter/bootstrap into 2.0-wip
Mark Otto, Fri Jan 27 13:20:02 2012 -0800 : huuuuuuuuuuuuuuuuuuuuuuuuuuuuuuuuuuuuuuuuuuuuuuuuuuuuuuuuuge update to doces and stuff
Mark Otto, Fri Jan 27 09:40:04 2012 -0800 : Merge branch 'ie_7_base' of https://github.com/phopkins/bootstrap into phopkins-ie_7_base
Mark Otto, Fri Jan 27 09:36:49 2012 -0800 : buttons for toggle links in js docs, code example for offsetting in grid
Mark Otto, Fri Jan 27 08:21:39 2012 -0800 : adding outline callout as a fallback for IE--needs testing though, thought I already added this
Mark Otto, Thu Jan 26 19:10:32 2012 -0800 : Merge branch '2.0-wip' of github.com:twitter/bootstrap into 2.0-wip
Mark Otto, Thu Jan 26 19:10:09 2012 -0800 : scope icons to .icon
Mark Otto, Thu Jan 26 19:09:59 2012 -0800 : flip order of content on home page
Mark Otto, Thu Jan 26 19:04:22 2012 -0800 : Merge pull request #1280 from mistermarco/2.0-wip
Mark Otto, Thu Jan 26 17:04:35 2012 -0800 : Merge pull request #1269 from phopkins/ie_typeahead
Mark Otto, Thu Jan 26 16:45:01 2012 -0800 : fix height of download button
Mark Otto, Thu Jan 26 16:31:10 2012 -0800 : Merge branch '2.0-wip' of github.com:twitter/bootstrap into 2.0-wip
Mark Otto, Thu Jan 26 16:27:50 2012 -0800 : Merge pull request #1274 from linrock/patch-2
Mark Otto, Thu Jan 26 16:27:37 2012 -0800 : adding white sprites
Mark Otto, Thu Jan 26 15:54:04 2012 -0800 : fix links to apple touch icons
Mark Otto, Thu Jan 26 15:39:37 2012 -0800 : fix legend margin collapse
Mark Otto, Thu Jan 26 15:25:19 2012 -0800 : Merge branch 'form_alignment' of https://github.com/phopkins/bootstrap into phopkins-form_alignment
Mark Otto, Thu Jan 26 15:22:52 2012 -0800 : move down background iamge
Mark Otto, Thu Jan 26 15:04:36 2012 -0800 : make css after merge
Mark Otto, Thu Jan 26 15:04:13 2012 -0800 : Merge branch '2.0-wip' of github.com:twitter/bootstrap into 2.0-wip
Mark Otto, Thu Jan 26 15:03:53 2012 -0800 : Merge pull request #1271 from linrock/patch-1
Mark Otto, Thu Jan 26 15:00:59 2012 -0800 : consistent new lines at ends of files
Mark Otto, Thu Jan 26 14:54:24 2012 -0800 : small text change on downloads page
Mark Otto, Thu Jan 26 14:53:35 2012 -0800 : separate code from type css files
Mark Otto, Thu Jan 26 14:50:55 2012 -0800 : break scaffolding down into smaller less files
Mark Otto, Thu Jan 26 14:40:19 2012 -0800 : make accordion links block level
Mark Otto, Thu Jan 26 14:40:09 2012 -0800 : add values to inputs for grid variables on download page
Mark Otto, Thu Jan 26 13:51:12 2012 -0800 : allow icons in small buttons
Mark Otto, Thu Jan 26 11:47:40 2012 -0800 : more docs homepage adjustments
Mark Otto, Thu Jan 26 11:40:29 2012 -0800 : updated homepage docs to distill strapline
Mark Otto, Thu Jan 26 11:10:16 2012 -0800 : Merge branch 'phopkins-ie_buttons' into 2.0-wip
Mark Otto, Thu Jan 26 11:10:07 2012 -0800 : move around some comments in buttons.less, update labels to use correct variables, add snippet to docs about IE9
Mark Otto, Thu Jan 26 10:55:26 2012 -0800 : Merge branch 'ie_buttons' of https://github.com/phopkins/bootstrap into phopkins-ie_buttons
Mark Otto, Thu Jan 26 10:43:08 2012 -0800 : change label fo first subnav link on js docs
Mark Otto, Thu Jan 26 10:39:07 2012 -0800 : fix tabs example on js docs page
Mark Otto, Thu Jan 26 10:12:50 2012 -0800 : Merge branch 'ie_buttons' of https://github.com/phopkins/bootstrap into phopkins-ie_buttons
Mark Otto, Thu Jan 26 10:12:25 2012 -0800 : space out masthead a git more
Mark Otto, Thu Jan 26 10:00:09 2012 -0800 : overhaul frontpage jumbotron, add js for twitter buttons back in, fix up some form ids and classes, straighten out the use of primary button variable
Mark Otto, Thu Jan 26 00:36:40 2012 -0800 : fix small icons on homepage
Mark Otto, Wed Jan 25 21:28:24 2012 -0800 : fix forms examples and allow for inputs in labels
Mark Otto, Wed Jan 25 20:32:19 2012 -0800 : remove some old -moz- prefixes from mixins while we're at it, dropping FF3.6 support
Mark Otto, Wed Jan 25 20:13:52 2012 -0800 : Merge branch '2.0-wip' of https://github.com/kristerkari/bootstrap into kristerkari-2.0-wip
Mark Otto, Wed Jan 25 20:11:13 2012 -0800 : consistency in download page heading
Mark Otto, Wed Jan 25 20:07:27 2012 -0800 : remove all tablesorter assets and css
Mark Otto, Wed Jan 25 20:02:32 2012 -0800 : fix button group shadows, update js docs to fix alert js file link
Mark Otto, Wed Jan 25 15:04:41 2012 -0800 : update mixins to use slightly diff variables within some parametric mixins
Mark Otto, Wed Jan 25 15:03:44 2012 -0800 : finish the rest of the less page mixins docs
Mark Otto, Wed Jan 25 14:08:51 2012 -0800 : start filling out mixins tables
Mark Otto, Wed Jan 25 13:56:44 2012 -0800 : docs fixes
Mark Otto, Wed Jan 25 13:33:55 2012 -0800 : finish off the static stuff for build and download page
Mark Otto, Wed Jan 25 12:43:38 2012 -0800 : swap fieldsets for divs
Mark Otto, Wed Jan 25 12:43:31 2012 -0800 : Merge branch '2.0-wip' of github.com:twitter/bootstrap into 2.0-wip
Mark Otto, Wed Jan 25 12:04:19 2012 -0800 : fix select alignment and height
Mark Otto, Wed Jan 25 11:51:13 2012 -0800 : height auto on mutli select
Mark Otto, Wed Jan 25 11:47:36 2012 -0800 : fix bottom visual bug on carousel images
Mark Otto, Wed Jan 25 11:35:08 2012 -0800 : enable support for form states on select elements
Mark Otto, Wed Jan 25 11:30:30 2012 -0800 : darken active state on subnav with scrollspy added
Mark Otto, Wed Jan 25 11:27:29 2012 -0800 : Merge branch '2.0-wip' of github.com:twitter/bootstrap into 2.0-wip
Mark Otto, Wed Jan 25 11:26:45 2012 -0800 : change form fields back to inline-block to allow for inline-help text in default form markup
Mark Otto, Wed Jan 25 11:21:44 2012 -0800 : updated comments in forms.less and added uneditable-textarea class to extend uneditable-input
Mark Otto, Wed Jan 25 11:15:48 2012 -0800 : remake after merging large button group fix
Mark Otto, Wed Jan 25 11:15:17 2012 -0800 : Merge pull request #1135 from kevva/patch
Mark Otto, Wed Jan 25 11:11:22 2012 -0800 : missing icon class in code example
Mark Otto, Wed Jan 25 11:05:23 2012 -0800 : remake after updating variables from @lookfirst
Mark Otto, Wed Jan 25 11:04:35 2012 -0800 : Merge pull request #1212 from lookfirst/white
Mark Otto, Wed Jan 25 10:51:26 2012 -0800 : fix mention of old vertical forms class'
Mark Otto, Wed Jan 25 10:50:08 2012 -0800 : update remaining icons in docs
Mark Otto, Wed Jan 25 10:48:08 2012 -0800 : update responsive to use latest grid mixins
Mark Otto, Wed Jan 25 10:47:08 2012 -0800 : spec'ed out an examples overview page with links to current examples; examples still need work themselves though
Mark Otto, Wed Jan 25 10:19:29 2012 -0800 : fix location of favicon
Mark Otto, Wed Jan 25 10:09:26 2012 -0800 : clean up the updated container app layout a bit
Mark Otto, Wed Jan 25 10:07:57 2012 -0800 : Merge pull request #1196 from OpenGrid/2.0-wip
Mark Otto, Wed Jan 25 10:02:52 2012 -0800 : update docs to include separate responsive css, update docs to highlight proper file name, updated makefile to build responsive separately
Mark Otto, Wed Jan 25 09:57:40 2012 -0800 : fix media queries in scaffolding
Mark Otto, Wed Jan 25 09:53:53 2012 -0800 : fix modal examples on js page, update modal close button positioning
Mark Otto, Wed Jan 25 09:51:03 2012 -0800 : updated icons to require a base class .icon
Mark Otto, Wed Jan 25 08:34:20 2012 -0800 : fix margin on input buttons in modals
Mark Otto, Wed Jan 25 01:45:15 2012 -0800 : spec out all mixins on less page
Mark Otto, Wed Jan 25 01:25:15 2012 -0800 : remove checkboxes from js docs page overview, they'll be on the download page instead
Mark Otto, Wed Jan 25 01:23:50 2012 -0800 : Merge branch '2.0-wip' of github.com:twitter/bootstrap into 2.0-wip
Mark Otto, Wed Jan 25 01:22:29 2012 -0800 : move css builder and downloader to dedicated page, start to update remaining sections on LESS docs page
Mark Otto, Wed Jan 25 00:41:05 2012 -0800 : Merge pull request #1181 from jwieland/updatelessdoc
Mark Otto, Tue Jan 24 23:45:48 2012 -0800 : fix js link on chop shop
Mark Otto, Tue Jan 24 23:44:59 2012 -0800 : refine spacing on fixed subnav
Mark Otto, Tue Jan 24 23:36:39 2012 -0800 : Merge branch '2.0-wip' of github.com:twitter/bootstrap into 2.0-wip
Mark Otto, Tue Jan 24 23:35:34 2012 -0800 : fix up docs css for responsive and subnav, fix forms error states
Mark Otto, Tue Jan 24 21:11:20 2012 -0800 : remove top margin from alert close, chance close line height to 18px (baseLineHeight)
Mark Otto, Tue Jan 24 21:09:28 2012 -0800 : Merge branch 'fix-alert-close-line-height' of https://github.com/pokonski/bootstrap into pokonski-fix-alert-close-line-height
Mark Otto, Tue Jan 24 20:45:38 2012 -0800 : adding actual images to carousel to ensure you can see things are animating; updated styles of carousel controls to work on light and dark backgrounds and use opacity for effects
Mark Otto, Tue Jan 24 20:30:39 2012 -0800 : Merge branch '2.0-wip' of github.com:twitter/bootstrap into 2.0-wip
Mark Otto, Tue Jan 24 20:30:26 2012 -0800 : allow for text in progress bars
Mark Otto, Tue Jan 24 20:26:54 2012 -0800 : updated docs css to fix subnav on iOS
Mark Otto, Tue Jan 24 20:16:33 2012 -0800 : Merge pull request #1175 from Xaro/2.0-wip
Mark Otto, Tue Jan 24 19:57:48 2012 -0800 : Merge branch '2.0-wip' of github.com:twitter/bootstrap into 2.0-wip
Mark Otto, Tue Jan 24 19:50:18 2012 -0800 : remove link from transitions on js page
Mark Otto, Tue Jan 24 19:49:39 2012 -0800 : Merge pull request #1140 from mchung/patch-1
Mark Otto, Tue Jan 24 19:43:52 2012 -0800 : redo the form examples to enable better responsive layout
Mark Otto, Tue Jan 24 19:36:42 2012 -0800 : fix the thumbnails more examples section
Mark Otto, Tue Jan 24 19:19:50 2012 -0800 : update the subnav on all pages
Mark Otto, Tue Jan 24 19:01:38 2012 -0800 : remove rogue html elements
Mark Otto, Tue Jan 24 18:45:23 2012 -0800 : fix typo on js docs
Mark Otto, Tue Jan 24 18:29:17 2012 -0800 : refine fixed docs bar
Mark Otto, Tue Jan 24 18:26:45 2012 -0800 : lighten alert on less page
Mark Otto, Tue Jan 24 18:24:38 2012 -0800 : modify the scaffolding page to fix the language around preboot/grid variables
Mark Otto, Tue Jan 24 17:14:34 2012 -0800 : Merge branch '2.0-wip' of github.com:twitter/bootstrap into 2.0-wip
Mark Otto, Tue Jan 24 17:14:19 2012 -0800 : finish updating form state and alert variables in less docs page
Mark Otto, Tue Jan 24 16:54:35 2012 -0800 : revamp alert message and error state color/text/bg to be variables
Mark Otto, Tue Jan 24 16:19:01 2012 -0800 : fix code type size
Mark Otto, Tue Jan 24 16:18:12 2012 -0800 : fix mailto link
Mark Otto, Tue Jan 24 16:09:32 2012 -0800 : Merge branch '2.0-wip' of github.com:twitter/bootstrap into 2.0-wip
Mark Otto, Tue Jan 24 16:08:09 2012 -0800 : Merge pull request #1149 from Calvein/2.0-wip
Mark Otto, Tue Jan 24 16:07:30 2012 -0800 : fix broken index page heading, update variables and less pages
Mark Otto, Tue Jan 24 14:28:14 2012 -0800 : Merge branch '2.0-wip' of github.com:twitter/bootstrap into 2.0-wip
Mark Otto, Tue Jan 24 14:25:30 2012 -0800 : docs updates to make the getting started section more responsive, updated the benefits to be clearer and swap x for checkmark
Mark Otto, Tue Jan 24 12:53:30 2012 -0800 : remake
Mark Otto, Tue Jan 24 12:28:37 2012 -0800 : Merge branch '2.0-wip' of github.com:twitter/bootstrap into 2.0-wip
Mark Otto, Tue Jan 24 12:28:20 2012 -0800 : attempt to fix select list alignment in Firefox by removing padding. not quite fixed 100%, but getting there.
Mark Otto, Tue Jan 24 10:48:44 2012 -0800 : Merge pull request #1134 from trevyn/2.0-wip
Mark Otto, Tue Jan 24 10:45:51 2012 -0800 : Merge branch 'apostrophe-grammar' of https://github.com/phopkins/bootstrap into phopkins-apostrophe-grammar
Mark Otto, Tue Jan 24 10:45:29 2012 -0800 : add bottom-up styles to the dropdown menus
Mark Otto, Tue Jan 24 10:43:13 2012 -0800 : remake css
Mark Otto, Tue Jan 24 10:41:23 2012 -0800 : Merge pull request #1131 from XORwell/master
Mark Otto, Mon Jan 23 13:51:12 2012 -0800 : Merge branch '2.0-wip' of github.com:twitter/bootstrap into 2.0-wip
Mark Otto, Mon Jan 23 13:50:55 2012 -0800 : fix up the modals in responsive a bit
Mark Otto, Mon Jan 23 13:46:26 2012 -0800 : comment in forms'
Mark Otto, Mon Jan 23 12:49:09 2012 -0800 : Merge pull request #1118 from olvlvl/2.0-wip
Mark Otto, Mon Jan 23 12:21:00 2012 -0800 : cut margin in half on default forms
Mark Otto, Mon Jan 23 12:04:48 2012 -0800 : clean up subnav aesthetics
Mark Otto, Mon Jan 23 11:55:04 2012 -0800 : remove dropdowns, add in sub nav instead
Mark Otto, Mon Jan 23 11:35:39 2012 -0800 : revert to negative margin on grid row
Mark Otto, Mon Jan 23 11:25:16 2012 -0800 : Merge branch 'normalize' of https://github.com/necolas/bootstrap into necolas-normalize
Mark Otto, Fri Jan 20 09:30:06 2012 -0800 : Merge pull request #1069 from necolas/2.0-wip
Mark Otto, Wed Jan 18 00:35:14 2012 -0800 : don't scope placeholder text color to just inputs
Mark Otto, Wed Jan 18 00:30:49 2012 -0800 : make button active state clearer by lightening the inner shadow and removing the background image
Mark Otto, Wed Jan 18 00:24:10 2012 -0800 : rename navbar variables, change navbar search placeholder to mixin
Mark Otto, Wed Jan 18 00:12:58 2012 -0800 : re-org variables
Mark Otto, Tue Jan 17 23:52:49 2012 -0800 : revamp the mixins file to organize things a bit more, make placeholder text use a new variable instead of relying solely on @grayLight
Mark Otto, Tue Jan 17 23:39:28 2012 -0800 : Merge branch '2.0-wip' of github.com:twitter/bootstrap into 2.0-wip
Mark Otto, Tue Jan 17 23:39:18 2012 -0800 : scope table styles to a class, .table, instead of on the generic element as a smarter default
Mark Otto, Tue Jan 17 23:24:59 2012 -0800 : cleanup accordion css and add comments
Mark Otto, Tue Jan 17 23:21:52 2012 -0800 : Merge pull request #1042 from boberkfell/2.0-wip
Mark Otto, Tue Jan 17 23:19:50 2012 -0800 : Merge branch '2.0-wip' of github.com:twitter/bootstrap into 2.0-wip
Mark Otto, Tue Jan 17 23:19:21 2012 -0800 : Merge branch '2.0-wip' of github.com:twitter/bootstrap into 2.0-wip
Mark Otto, Mon Jan 16 17:27:30 2012 -0800 : fix js link in docs nav, restyle accordion with new css
Mark Otto, Sun Jan 15 20:51:45 2012 -0800 : Merge pull request #1020 from lookfirst/fixtest
Mark Otto, Sun Jan 15 18:40:17 2012 -0800 : updated accordion and carousel; accordion still needs work
Mark Otto, Sun Jan 15 16:27:36 2012 -0800 : move carousel to separate stylesheet, update popovers to fix ie7 bug, fix pagination, fix alerts
Mark Otto, Sun Jan 15 15:06:30 2012 -0800 : fix the js alerts examples
Mark Otto, Sun Jan 15 13:12:29 2012 -0800 : make dl and child elements less specific
Mark Otto, Sun Jan 15 12:53:35 2012 -0800 : fix grid sized horizontal form layout
Mark Otto, Sun Jan 15 11:41:46 2012 -0800 : fix modal horizontal alignment
Mark Otto, Sun Jan 15 11:33:30 2012 -0800 : make horizontal form labels map to default grid sizing
Mark Otto, Sun Jan 15 11:30:24 2012 -0800 : normalize the alert classes to match last night's flip for form and table classes
Mark Otto, Sun Jan 15 11:26:21 2012 -0800 : Merge branch '2.0-wip' of github.com:twitter/bootstrap into 2.0-wip
Mark Otto, Sun Jan 15 11:26:06 2012 -0800 : fix some ie7 bugs, improve dropdowns for ie due to lack of a shadow, fix pager example code
Mark Otto, Sun Jan 15 11:23:34 2012 -0800 : Merge pull request #1012 from pkauders/patch-1
Mark Otto, Sat Jan 14 23:33:42 2012 -0800 : gray out links for active state on pagination
Mark Otto, Sat Jan 14 23:28:48 2012 -0800 : dates updated to 2012
Mark Otto, Sat Jan 14 21:28:47 2012 -0800 : change up classes on tables and forms, fix nav list styles in example
Mark Otto, Sat Jan 14 20:54:37 2012 -0800 : adding the pager component after rewriting the pagination docs and css
Mark Otto, Sat Jan 14 19:17:48 2012 -0800 : restore top bar on home page
Mark Otto, Sat Jan 14 17:16:46 2012 -0800 : allow btn-groups to work in navbars
Mark Otto, Sat Jan 14 16:56:47 2012 -0800 : fix duplicate icons
Mark Otto, Sat Jan 14 16:50:36 2012 -0800 : update preventing double border line for bordered tables by account for th elements in tr elements
Mark Otto, Sat Jan 14 16:45:01 2012 -0800 : add user-select mixin
Mark Otto, Sat Jan 14 16:38:40 2012 -0800 : make inline and search form labels inline-block
Mark Otto, Sat Jan 14 16:24:23 2012 -0800 : move up alert message close icon
Mark Otto, Sat Jan 14 16:18:39 2012 -0800 : Merge branch '2.0-wip' of github.com:twitter/bootstrap into 2.0-wip
Mark Otto, Sat Jan 14 16:18:15 2012 -0800 : rewrite alert messages to use less code, combine the look of default and block messages, simplify docs
Mark Otto, Sat Jan 14 13:08:39 2012 -0800 : Merge pull request #1003 from cgunther/docs-fixes
Mark Otto, Fri Jan 13 10:07:56 2012 -0800 : update dropdowns spacing and docs section spacing
Mark Otto, Fri Jan 13 09:55:43 2012 -0800 : Merge branch '2.0-wip' of github.com:twitter/bootstrap into 2.0-wip
Mark Otto, Fri Jan 13 09:55:15 2012 -0800 : updated js includes to make nav work everywhere
Mark Otto, Thu Jan 12 15:29:16 2012 -0800 : nuke uber footer, bring back topbar dropdowns
Mark Otto, Thu Jan 12 12:30:36 2012 -0800 : fix heading
Mark Otto, Thu Jan 12 10:29:16 2012 -0800 : Merge branch '2.0-wip' of github.com:twitter/bootstrap into 2.0-wip
Mark Otto, Thu Jan 12 10:19:07 2012 -0800 : fix type shorthand in blockquote
Mark Otto, Wed Jan 11 21:59:33 2012 -0800 : Merge branch '2.0-wip' of github.com:twitter/bootstrap into 2.0-wip
Mark Otto, Wed Jan 11 09:43:13 2012 -0800 : comments and borders for multiple tbody
Mark Otto, Tue Jan 10 21:54:11 2012 -0800 : account for multiple tbody with 2px border between
Mark Otto, Tue Jan 10 16:22:19 2012 -0800 : Merge branch '2.0-wip' of github.com:twitter/bootstrap into 2.0-wip
Mark Otto, Tue Jan 10 15:58:44 2012 -0800 : typo
Mark Otto, Mon Jan 9 09:15:42 2012 -0800 : remove empty margin property
Mark Otto, Sun Jan 8 23:14:07 2012 -0800 : remove static popovers, modals, and twipsies from components in favor of full javascript page
Mark Otto, Sun Jan 8 21:48:07 2012 -0800 : updated js pages to put examples first
Mark Otto, Sun Jan 8 15:38:57 2012 -0800 : add utilities.less file for generic classes
Mark Otto, Sun Jan 8 15:33:55 2012 -0800 : Merge branch '2.0-wip' of github.com:twitter/bootstrap into 2.0-wip
Mark Otto, Sun Jan 8 15:33:44 2012 -0800 : fix dropdowns for active state in dropdown menus
Mark Otto, Sun Jan 8 14:33:52 2012 -0800 : Merge branch '2.0-wip' of github.com:twitter/bootstrap into 2.0-wip
Mark Otto, Sun Jan 8 14:33:14 2012 -0800 : fix navbar styles for .brand
Mark Otto, Sun Jan 8 14:33:03 2012 -0800 : updated js docs page to use grid of plugins instead of table
Mark Otto, Sun Jan 8 13:30:23 2012 -0800 : fix placement of dropdowns in navbar after getting to general in those styles
Mark Otto, Sun Jan 8 13:22:20 2012 -0800 : correct navbar scaffolding code snippet
Mark Otto, Sun Jan 8 13:21:44 2012 -0800 : clean up dup css in responsive, fix navbar dropdown caret
Mark Otto, Sun Jan 8 12:40:30 2012 -0800 : rejigger z-index ranks for popovers/topbar/etc
Mark Otto, Sun Jan 8 03:19:06 2012 -0800 : Merge branch '2.0-wip' of github.com:twitter/bootstrap into 2.0-wip
Mark Otto, Sun Jan 8 03:18:48 2012 -0800 : add icons in nav list example and markup
Mark Otto, Sun Jan 8 03:11:51 2012 -0800 : cleanup organization of tabbable nav section
Mark Otto, Sun Jan 8 03:00:06 2012 -0800 : move collapsing navbar nav to 480 and below, unfloat nav for 768 and below to wrap links with position absolute
Mark Otto, Sun Jan 8 02:30:18 2012 -0800 : fix responsive navbar nav treatment by using hover instead of click
Mark Otto, Sun Jan 8 02:15:47 2012 -0800 : adjust navs for fine details on dropdowns in stacked nav and improved open state there
Mark Otto, Sun Jan 8 01:57:05 2012 -0800 : fix styles on right aligned blockquote to flip padding and border appropriately
Mark Otto, Sun Jan 8 01:54:59 2012 -0800 : fix docs for fluid layout, update topbar to fix active text color for links
Mark Otto, Sun Jan 8 01:50:12 2012 -0800 : clean up some spacing on the dropdown for typeahead
Mark Otto, Sun Jan 8 01:45:49 2012 -0800 : remove / on js, fix link to typeahead, remove old gradient on dropdown hover
Mark Otto, Sat Jan 7 23:31:00 2012 -0800 : recomment out the moz stuff for progress bars since less can't compile it right now
Mark Otto, Sat Jan 7 23:21:40 2012 -0800 : fix progress bars by removing border and negative margins
Mark Otto, Sat Jan 7 22:07:36 2012 -0800 : remove unused css and reorder the toggle classes
Mark Otto, Sat Jan 7 22:06:44 2012 -0800 : redoing the tabs on bottom, left, and right
Mark Otto, Sat Jan 7 21:18:47 2012 -0800 : remove tabbable stuff to try new approach
Mark Otto, Sat Jan 7 21:10:17 2012 -0800 : nuke unused code, add to upgrading page
Mark Otto, Sat Jan 7 21:09:02 2012 -0800 : fix up dropdowns and navbar docs for the new dropdown styles
Mark Otto, Sat Jan 7 20:40:49 2012 -0800 : Merge branch '2.0-wip' of github.com:twitter/bootstrap into 2.0-wip
Mark Otto, Sat Jan 7 20:40:28 2012 -0800 : overhaul the entire tabs component structure and docs; remove side nav and make it a nav list to build on new .nav base class
Mark Otto, Sat Jan 7 15:52:57 2012 -0800 : overhauled docs to include example markup, add language around browser support and classes
Mark Otto, Sat Jan 7 13:52:36 2012 -0800 : Merge branch '2.0-wip' of https://github.com/pokonski/bootstrap into pokonski-2.0-wip
Mark Otto, Sat Jan 7 13:42:35 2012 -0800 : Merge branch '2.0-wip' of github.com:twitter/bootstrap into 2.0-wip
Mark Otto, Sat Jan 7 13:40:05 2012 -0800 : more table docs cleanup
Mark Otto, Sat Jan 7 12:22:51 2012 -0800 : fixing tablesorter styles by adding the jquery plugin back to the lib, fixing the docs examples
Mark Otto, Sat Jan 7 04:41:51 2012 -0800 : scratch that, tweaking dropdowns in tabs
Mark Otto, Sat Jan 7 04:34:30 2012 -0800 : adding back table grid sizing; will need support for responsive perhaps
Mark Otto, Sat Jan 7 04:28:30 2012 -0800 : add html5 invalid state for super fancy errors via browser
Mark Otto, Sat Jan 7 04:20:56 2012 -0800 : scope close icon in modal to modal-header to allow alerts in modals to use close icons
Mark Otto, Sat Jan 7 04:17:33 2012 -0800 : change up the z-indexing and add some popover/twipsy content to the test modal on the js docs to help avoid future bugs
Mark Otto, Sat Jan 7 04:07:53 2012 -0800 : another quick pass at ranking all zindexes and listing them in variables for quick overview and editing later
Mark Otto, Sat Jan 7 04:01:09 2012 -0800 : better ranking of z-indexes for tipsies so they appear above dropdown menus but below fixed topbar
Mark Otto, Sat Jan 7 03:58:48 2012 -0800 : quick stab at fixing modal placement on 480px and down
Mark Otto, Sat Jan 7 03:53:20 2012 -0800 : update fluid layout to use variable for sidebar width
Mark Otto, Sat Jan 7 03:45:24 2012 -0800 : overhauled dropdowns now require use of .caret for dropdown arrow, redid the button group docs section, added the split button dropdown docs section
Mark Otto, Sat Jan 7 01:59:53 2012 -0800 : update the fluid examples to use new classes and clear the floats properly from sidebar
Mark Otto, Sat Jan 7 01:22:52 2012 -0800 : tweak spacing once more on prettify; add support for uneditable inputs to input-append and prepend
Mark Otto, Sat Jan 7 01:08:58 2012 -0800 : make fixed navbars have lower z-index
Mark Otto, Sat Jan 7 01:03:26 2012 -0800 : update form shadows and tweak prettyprint styles
Mark Otto, Sat Jan 7 00:47:53 2012 -0800 : fix form field sizing for selects, document form field grid sizing
Mark Otto, Sat Jan 7 00:29:36 2012 -0800 : fix reponsive 1200+ media query to resolve mismatched gutters and negative margins on the row
Mark Otto, Sat Jan 7 00:26:58 2012 -0800 : fix forms in navbars, fix examples' navbars
Mark Otto, Sat Jan 7 00:01:52 2012 -0800 : Merge branch '2.0-wip' of github.com:twitter/bootstrap into 2.0-wip
Mark Otto, Fri Jan 6 23:59:22 2012 -0800 : front page docs updated to include old getting started section, update code styles to look like github gists, and lots more docs updates
Mark Otto, Thu Jan 5 23:24:19 2012 -0800 : fixing conflict in dividers in navbar, fix navbar docs, fix search form in navbar
Mark Otto, Thu Jan 5 22:37:23 2012 -0800 : docs cleanup and navbar brand hover
Mark Otto, Thu Jan 5 21:43:54 2012 -0800 : Merge branch '2.0-wip' of github.com:twitter/bootstrap into 2.0-wip
Mark Otto, Thu Jan 5 21:43:28 2012 -0800 : massive docs update, mostly to all our new forms, and to the buttons
Mark Otto, Thu Jan 5 16:03:05 2012 -0800 : add jank js back to docs application.js for responsive dropdown in topbar
Mark Otto, Thu Jan 5 15:48:40 2012 -0800 : default cursor for disabled links in pagination
Mark Otto, Thu Jan 5 15:46:48 2012 -0800 : make dropdowns use unicode character for :after
Mark Otto, Thu Jan 5 15:43:07 2012 -0800 : move mega link footer to scaffolding to try it out, fix broken button text shadow, change UL/OL margins back, make li color same as body
Mark Otto, Thu Jan 5 14:11:41 2012 -0800 : Tweak the docs and address the new forms list of controls: radios and checkboxes are now hanging controls to wrap text properly
Mark Otto, Thu Jan 5 10:01:42 2012 -0800 : breaking out patterns.less even more, removing unnecessary div from checkbox and radio lists--now just labels and inputs
Mark Otto, Thu Jan 5 01:37:06 2012 -0800 : Merge branch '2.0-wip' of github.com:twitter/bootstrap into 2.0-wip
Mark Otto, Thu Jan 5 01:36:05 2012 -0800 : add a quick little example of icons in buttons
Mark Otto, Thu Jan 5 01:34:14 2012 -0800 : tweaks abound, updated prettify styles, new sidenav component started, sprite icons started
Mark Otto, Fri Dec 30 16:01:29 2011 -0800 : missing parantheses
Mark Otto, Tue Dec 27 17:39:34 2011 -0600 : border radius on large button toolbar
Mark Otto, Tue Dec 27 17:04:55 2011 -0600 : add appended input example to docs, fix help-text wrapping issue by clearing float
Mark Otto, Tue Dec 27 16:50:27 2011 -0600 : fix quotes in font-family usage
Mark Otto, Tue Dec 27 16:25:22 2011 -0600 : fix tables for rowspan
Mark Otto, Tue Dec 27 16:08:07 2011 -0600 : allow select with size attr to not have fixed height
Mark Otto, Tue Dec 27 15:51:36 2011 -0600 : add ie7 inline block mixin and add ability to center pagination
Mark Otto, Tue Dec 27 15:40:58 2011 -0600 : clean up some css for github issues: input prepend z-index, modals revamped for responsive
Mark Otto, Tue Dec 27 13:51:50 2011 -0600 : capitalize Less in makefile, add print less file (not yet compiled)
Mark Otto, Tue Dec 27 12:40:30 2011 -0600 : remove button from topbar for testing
Mark Otto, Tue Dec 27 12:39:39 2011 -0600 : remove negative margin from .brand in docs, update navbar to support buttons up thurr
Mark Otto, Mon Dec 26 17:25:25 2011 -0600 : clean up some comments and fix a bug with buttons in navbar by removing too generic of a link color
Mark Otto, Mon Dec 26 16:47:10 2011 -0600 : Merge branch '2.0-wip' of github.com:twitter/bootstrap into 2.0-wip
Mark Otto, Wed Dec 21 19:32:14 2011 -0600 : remove inline input field CSS since that's not required as all inputs are inline-block anyway
Mark Otto, Wed Dec 21 19:31:01 2011 -0600 : update comment on select bg bug and confirmed it was fixed, scoped responsive .span* to .row
Mark Otto, Wed Dec 21 18:39:02 2011 -0600 : Merge branch '2.0-wip' of github.com:twitter/bootstrap into 2.0-wip
Mark Otto, Wed Dec 21 18:38:03 2011 -0600 : fix dropdowns in components docs page
Mark Otto, Wed Dec 21 18:21:55 2011 -0600 : update thumbnails to keep images from going past edges of thumbnails
Mark Otto, Wed Dec 21 16:41:46 2011 -0600 : fix mobile example sites, remove unused JS from docs index
Mark Otto, Wed Dec 21 16:26:21 2011 -0600 : rename media grid to thumbnails, recompile bootstrap, fix examples for mobile phones
Mark Otto, Wed Dec 21 16:22:20 2011 -0600 : updated all docs to jQuery 1.7, move all docs JS to application.js, and move dropdowns css to dedicated file
Mark Otto, Wed Dec 21 16:00:50 2011 -0600 : docs updates, forms updated to include error states and more examples, remove text-shadow from gradientbar mixin to fix bug
Mark Otto, Mon Dec 19 22:59:20 2011 -0800 : Merge branch '2.0-wip' of github.com:twitter/bootstrap into 2.0-wip
Mark Otto, Mon Dec 19 22:58:56 2011 -0800 : mostly docs updates, but also some bug fixes per github issues
Mark Otto, Tue Dec 13 10:05:19 2011 -0800 : rename transitions js file, fix link in js docs
Mark Otto, Mon Dec 12 09:51:41 2011 -0800 : updated docs to include other less apps
Mark Otto, Sun Dec 11 02:38:58 2011 -0800 : updated buttons docs
Mark Otto, Sun Dec 11 02:05:50 2011 -0800 : clearer grid vars docs language
Mark Otto, Sun Dec 11 02:03:16 2011 -0800 : updated footers everywhere
Mark Otto, Sun Dec 11 01:58:06 2011 -0800 : center example sites in docs on mobile
Mark Otto, Sun Dec 11 01:03:57 2011 -0800 : fix specificity on pills
Mark Otto, Sun Dec 11 00:58:10 2011 -0800 : Merge branch 'add-vertical-nav-divider' of https://github.com/evnm/bootstrap into evnm-add-vertical-nav-divider
Mark Otto, Sat Dec 10 22:30:17 2011 -0800 : Merge branch '2.0-wip' of github.com:twitter/bootstrap into 2.0-wip
Mark Otto, Sat Dec 10 22:29:49 2011 -0800 : unstyle image inputs
Mark Otto, Sat Dec 10 22:21:08 2011 -0800 : tweaks and increase specificity of pills and active classes
Mark Otto, Sat Dec 10 15:05:09 2011 -0800 : Merge pull request #777 from ceejayoz/2.0-wip
Mark Otto, Fri Dec 9 14:39:23 2011 -0800 : remove uber large responsive stuff
Mark Otto, Fri Dec 9 14:34:38 2011 -0800 : updated index page to add featured sites, more docs tweaks
Mark Otto, Fri Dec 9 12:51:54 2011 -0800 : help tables not look like shit on mobile maybe? also fix bordered table example
Mark Otto, Fri Dec 9 12:10:01 2011 -0800 : update js in footer, add max-width to img
Mark Otto, Fri Dec 9 11:41:00 2011 -0800 : add jank js for prototyping new topbar to all docs pages
Mark Otto, Fri Dec 9 11:33:02 2011 -0800 : Merge branch '2.0-wip' of github.com:twitter/bootstrap into 2.0-wip
Mark Otto, Fri Dec 9 11:32:07 2011 -0800 : updated to include sub nav and pip nav, new docs updates, topbar nav refinements for media queried settings
Mark Otto, Wed Nov 30 01:00:55 2011 -0800 : adding temp idea for subnav to docs
Mark Otto, Wed Nov 30 00:39:38 2011 -0800 : adding step nav to components
Mark Otto, Tue Nov 29 23:56:01 2011 -0800 : update all leads on docs pages
Mark Otto, Tue Nov 29 23:48:27 2011 -0800 : updates to add warning for bordered tables to docs, fix to spacing on prettyprint pre blocks
Mark Otto, Tue Nov 29 23:16:38 2011 -0800 : adding bordered table to docs and showing it works with colspan
Mark Otto, Tue Nov 29 22:53:12 2011 -0800 : Merge branch 'form-feedback-fix' of https://github.com/tinyfly/bootstrap into tinyfly-form-feedback-fix
Mark Otto, Tue Nov 29 22:35:58 2011 -0800 : Merge branch '2.0-wip' of github.com:twitter/bootstrap into 2.0-wip
Mark Otto, Tue Nov 29 22:35:03 2011 -0800 : misc docs updates, revamped tables CSS save for grid columns and tablesorter options
Mark Otto, Tue Nov 29 19:17:12 2011 -0800 : Merge pull request #722 from tinyfly/grid-input-size-fix
Mark Otto, Mon Nov 28 11:43:36 2011 -0800 : Merge pull request #711 from smaboshe/updates-to-2.0-docs
Mark Otto, Sun Nov 27 00:44:30 2011 -0800 : Remove static github buttons and replace with iframe versions
Mark Otto, Thu Nov 17 01:28:42 2011 -0800 : update property order and do some misc cleanup
Mark Otto, Thu Nov 17 00:52:11 2011 -0800 : remove code styling if it's in a pre tag
Mark Otto, Thu Nov 17 00:49:51 2011 -0800 : make uneditable inputs work with span* classes
Mark Otto, Thu Nov 17 00:41:26 2011 -0800 : spelling mistake in comment
Mark Otto, Thu Nov 17 00:40:42 2011 -0800 : Merge pull request #621 from vshih/master
Mark Otto, Thu Nov 17 00:37:14 2011 -0800 : updated font mixins courtesy of @apancutt
Mark Otto, Thu Nov 17 00:10:59 2011 -0800 : Merge pull request #645 from mkaschenko/master
Mark Otto, Thu Nov 17 00:09:12 2011 -0800 : update tables docs after merging in the condensed styles
Mark Otto, Thu Nov 17 00:07:34 2011 -0800 : Merge branch '2.0-wip' of github.com:twitter/bootstrap into 2.0-wip
Mark Otto, Thu Nov 17 00:06:32 2011 -0800 : Merge pull request #647 from lookfirst/condensed
Mark Otto, Thu Nov 17 00:06:16 2011 -0800 : make form classes match table classes (readable left to right), update docs associated with it
Mark Otto, Wed Nov 16 23:58:36 2011 -0800 : start breaking down patterns.less into more distinct files, update docs for forms to use correct classes
Mark Otto, Sun Nov 13 15:56:33 2011 -0800 : Merge pull request #629 from leocassarani/patch-1
Mark Otto, Sat Nov 12 01:23:37 2011 -0800 : Merge branch '2.0-wip' of github.com:twitter/bootstrap into 2.0-wip
Mark Otto, Sat Nov 12 01:05:19 2011 -0800 : ensure two-thirds grid offsets work the same as the others
Mark Otto, Sat Nov 12 01:03:16 2011 -0800 : Merge pull request #579 from raulriera/2.0-wip
Mark Otto, Sat Nov 12 00:52:18 2011 -0800 : fix broken state of active buttons
Mark Otto, Sat Nov 12 00:46:02 2011 -0800 : updated docs pages (still wip), adding misc css classes, added form styles from 1.4, added github buttons to homepage
Mark Otto, Tue Nov 8 08:24:10 2011 -0800 : Merge pull request #577 from smaboshe/updates-to-2.0-docs
Mark Otto, Thu Nov 3 17:14:19 2011 -0700 : no idea
Mark Otto, Wed Nov 2 00:04:43 2011 -0700 : fix tipsies, modals, and popovers from overlaying topbar
Mark Otto, Tue Nov 1 23:57:48 2011 -0700 : fix pagination inconsistencies
Mark Otto, Tue Nov 1 13:56:00 2011 -0700 : adding unofficial github buttons
Mark Otto, Mon Oct 31 23:28:05 2011 -0700 : Merge branch 'kriansa-patch1' into dev
Mark Otto, Mon Oct 31 23:27:20 2011 -0700 : tweak alignment for IE7 and chrome
Mark Otto, Mon Oct 31 23:22:55 2011 -0700 : Merge branch 'patch1' of https://github.com/kriansa/bootstrap into kriansa-patch1
Mark Otto, Mon Oct 31 23:22:13 2011 -0700 : Merge branch 'dev' of github.com:twitter/bootstrap into dev
Mark Otto, Mon Oct 31 23:18:36 2011 -0700 : remove fixed height from select elements for IE7
Mark Otto, Mon Oct 31 21:46:45 2011 -0700 : recompiling and pushing just to be sure
Mark Otto, Mon Oct 31 21:45:46 2011 -0700 : remove alt tab styles for now, too complicated to accomplish both static and tabble; fix up CSS a bit
Mark Otto, Mon Oct 31 21:25:21 2011 -0700 : Merge branch '2.0-left-and-right-tabs' of https://github.com/avalanche123/bootstrap into avalanche123-2.0-left-and-right-tabs
Mark Otto, Mon Oct 31 21:24:57 2011 -0700 : small docs tweak
Mark Otto, Mon Oct 31 19:37:10 2011 -0700 : overhaul the table styles and update those everywhere in the docs, update the button docs, spec out the forms docs
Mark Otto, Mon Oct 31 16:32:13 2011 -0700 : updating table documentation, jumping to dev to bring over new table styles from there
Mark Otto, Sun Oct 30 20:14:27 2011 -0700 : updated docs and type styles for blockquotes and a few fixes for type
Mark Otto, Sat Oct 29 18:11:17 2011 -0700 : fix some of the docs styles at 480 to 768
Mark Otto, Fri Oct 28 18:57:37 2011 -0700 : adding resizable class and mixin
Mark Otto, Fri Oct 28 18:38:06 2011 -0700 : remove html from body background
Mark Otto, Thu Oct 27 23:45:48 2011 -0700 : remove background color from html tag
Mark Otto, Thu Oct 27 23:34:48 2011 -0700 : adding more icons for the homepage for open source, twitter, and html5/css3
Mark Otto, Thu Oct 27 23:00:09 2011 -0700 : overhauled the front page to feel a bit more marketing-like, added the awesome glyphicons to bring some life to the docs
Mark Otto, Thu Oct 27 09:35:58 2011 -0700 : update docs for responsive
Mark Otto, Wed Oct 26 23:25:57 2011 -0700 : fix new navbar in components
Mark Otto, Wed Oct 26 23:24:22 2011 -0700 : address issue #414 and fix up a number of docs loose ends
Mark Otto, Wed Oct 26 23:11:56 2011 -0700 : breaking down the main page into subpages for easier, more comprehensive documentation
Mark Otto, Wed Oct 26 21:29:23 2011 -0700 : Merge branch 'patch1' of https://github.com/kriansa/bootstrap into kriansa-patch1
Mark Otto, Wed Oct 26 21:28:43 2011 -0700 : fix vertical position of dropdown menu in .tabs
Mark Otto, Wed Oct 26 21:22:05 2011 -0700 : fix prettyify and update the table styles to include a condensed flavor
Mark Otto, Wed Oct 26 21:04:14 2011 -0700 : update to docs to cleanup pagination for smartphones, fix some pagination inconsistencies
Mark Otto, Sat Oct 22 22:49:37 2011 -0700 : tweaks to the responsive layout to improve type
Mark Otto, Sat Oct 22 15:51:24 2011 -0700 : Merge branch '2.0-wip' of github.com:twitter/bootstrap into 2.0-wip
Mark Otto, Sat Oct 22 15:50:17 2011 -0700 : Merge pull request #461 from tinyfly/responsive-row-fix
Mark Otto, Sat Oct 22 15:49:42 2011 -0700 : updating the docs to include more responsive fixes, adding rows to the responsive changes as well to undo negative margin
Mark Otto, Fri Oct 21 00:37:01 2011 -0700 : tweaking prettify styles to introduce dark theme
Mark Otto, Fri Oct 21 00:12:47 2011 -0700 : move javascript to le footer
Mark Otto, Thu Oct 20 09:14:02 2011 -0700 : Merge branch '2.0-wip' of github.com:twitter/bootstrap into 2.0-wip
Mark Otto, Thu Oct 20 09:13:22 2011 -0700 : fix the popover background color to work in ie7
Mark Otto, Wed Oct 19 23:50:41 2011 -0700 : updated fluid example to not use floated sidebar and instead use position absolute; not ideal, but it works in most cases
Mark Otto, Wed Oct 19 23:11:22 2011 -0700 : update docs to streamline the tables section, remove redundant css for tables to simplify borders
Mark Otto, Wed Oct 19 22:26:14 2011 -0700 : remove redundant styles from inline forms
Mark Otto, Wed Oct 19 22:22:44 2011 -0700 : update docs copy to include mention of info alert messages
Mark Otto, Tue Oct 18 08:11:18 2011 -0700 : refinement to the responsive section
Mark Otto, Mon Oct 17 23:45:35 2011 -0700 : adding responsive stuff to docs to stub that out, updated type to make ul and ol margins match p tags
Mark Otto, Mon Oct 17 20:44:52 2011 -0700 : update docs to change topbar to navbar
Mark Otto, Mon Oct 17 14:43:43 2011 -0700 : overhauled tables section of docs to minize copy and emphasize code
Mark Otto, Mon Oct 17 14:17:29 2011 -0700 : add abbr styles, overhaul type docs section to remove lots of verbose text and put emphasis on tables and more scannable content
Mark Otto, Mon Oct 17 12:59:03 2011 -0700 : update all code elements in docs
Mark Otto, Mon Oct 17 12:45:09 2011 -0700 : remove bottom margin from h1
Mark Otto, Mon Oct 17 00:03:52 2011 -0700 : updated js docs page to new 12 column layout, fix subhead jumbotron styles to match new front page
Mark Otto, Sun Oct 16 23:04:31 2011 -0700 : few tweaks to responsive stuff, updated docs for grid system (still needs copy editing)
Mark Otto, Sun Oct 16 19:12:33 2011 -0700 : update to responsive to fix new masthead
Mark Otto, Sun Oct 16 18:45:11 2011 -0700 : updated docs to include quick links and twitter buttons, added updated blueprint pattern to background
Mark Otto, Sun Oct 16 18:01:05 2011 -0700 : tweak the h2s again for better spacing, adjust docs, remove white bg if possible on file input, few other tweaks
Mark Otto, Sun Oct 16 12:11:48 2011 -0700 : more tweaks to responsive
Mark Otto, Sun Oct 16 11:35:24 2011 -0700 : tweak line-height of h2 and h3 to not be gihugeous, updated responsive to improve tablet grid and phone styles
Mark Otto, Sun Oct 16 03:15:36 2011 -0700 : add responsive.less file
Mark Otto, Sun Oct 16 03:15:17 2011 -0700 : tweak navbar styles for static version to not cause problems on responsive layouts
Mark Otto, Sun Oct 16 03:08:14 2011 -0700 : fix uber size in responsive; remove @extraspace variable by changing grid to use :first-child over negative margin
Mark Otto, Sun Oct 16 03:00:58 2011 -0700 : biiiiiig update coming for responsiveness
Mark Otto, Sat Oct 15 17:21:39 2011 -0700 : updated index of docs to use html5 self closing tags, add responsive shell to bootstrap file
Mark Otto, Wed Oct 12 08:31:16 2011 -0700 : first pass at moving over the new tabs stuff to 2.0
Mark Otto, Tue Oct 11 23:49:43 2011 -0700 : remove new tab stuff since it breaks backwards compatability
Mark Otto, Tue Oct 11 23:46:42 2011 -0700 : adding new tabble stuff, still a huge work in progress
Mark Otto, Tue Oct 11 21:49:37 2011 -0700 : updated pills to include vertical (stacked) variation in patterns and documentation
Mark Otto, Tue Oct 11 19:31:25 2011 -0700 : remove color scheme variables, remove font-face mixin
Mark Otto, Tue Oct 11 09:52:50 2011 -0700 : update navbar search form
Mark Otto, Tue Oct 11 09:46:02 2011 -0700 : share new navbar in examples
Mark Otto, Tue Oct 11 09:44:51 2011 -0700 : new navbar introduced to replace topbar
Mark Otto, Mon Oct 10 19:44:06 2011 -0700 : Merge pull request #408 from tinyfly/grid-input-size-fix
Mark Otto, Mon Oct 10 19:38:24 2011 -0700 : fixing form input width sizing, removing unused CSS
Mark Otto, Sun Oct 9 23:02:34 2011 -0700 : cleanup tabs and pills to prep css for new stuff
Mark Otto, Sun Oct 9 22:55:12 2011 -0700 : start adding examples to docs for alternate tabs and pills
Mark Otto, Sun Oct 9 22:44:45 2011 -0700 : small tweak to dropdowns for autocomplete if you implement dropdowns that way
Mark Otto, Sun Oct 9 22:38:48 2011 -0700 : improve text color and borders for legibility
Mark Otto, Sun Oct 9 22:32:19 2011 -0700 : new form state styles with lighter footprint
Mark Otto, Sun Oct 9 22:02:40 2011 -0700 : add extra states to the form examples
Mark Otto, Sun Oct 9 21:25:50 2011 -0700 : Merge branch '2.0-wip' of github.com:twitter/bootstrap into 2.0-wip
Mark Otto, Sun Oct 9 21:25:28 2011 -0700 : update input prepend and append to use baseline variable
Mark Otto, Sun Oct 9 21:13:26 2011 -0700 : refactor fluid layout to be more specific to not interfere with modal content while adding right sidebar option
Mark Otto, Sun Oct 9 20:57:38 2011 -0700 : remove bottom margin from form in modals for temp fix"
Mark Otto, Sat Oct 8 09:21:25 2011 -0700 : modal was not centered correctly
Mark Otto, Sat Oct 8 00:27:52 2011 -0700 : remove select from docs form sizes
Mark Otto, Sat Oct 8 00:26:57 2011 -0700 : remove select from the new form grid sizes and let them inherit the default grid ones
Mark Otto, Sat Oct 8 00:19:01 2011 -0700 : add better handling to the tables so that the thead and tbody first row can have rounded corners where applicable
Mark Otto, Sat Oct 8 00:16:21 2011 -0700 : place popovers and twipsies above modals for use there
Mark Otto, Sat Oct 8 00:14:38 2011 -0700 : fix problems with scope in tables when using th in tbody
Mark Otto, Fri Oct 7 23:56:14 2011 -0700 : bring hover state back to the .brand element in the topbar to fix a bug
Mark Otto, Fri Oct 7 23:54:50 2011 -0700 : update docs to simplify first table example and introduce nested documentation
Mark Otto, Fri Oct 7 23:53:32 2011 -0700 : resolve problem with nested tables having double borders
Mark Otto, Fri Oct 7 23:27:19 2011 -0700 : Merge pull request #381 from smaboshe/docs
Mark Otto, Tue Oct 4 01:16:07 2011 -0700 : fixing multi select on chromium ubuntu by setting background color explicitly
Mark Otto, Tue Oct 4 01:15:31 2011 -0700 : fixing multi select on chromium ubuntu by setting background color explicitly
Mark Otto, Tue Oct 4 00:58:12 2011 -0700 : merging master which has the label fix
Mark Otto, Tue Oct 4 00:57:37 2011 -0700 : Merge branch 'master' into dev
Mark Otto, Tue Oct 4 00:55:35 2011 -0700 : adding new mixins
Mark Otto, Tue Oct 4 00:48:31 2011 -0700 : adding placeholder font-face mixin which doesn't work yet
Mark Otto, Tue Oct 4 00:20:38 2011 -0700 : update variables to inlude @baseFontSize, @baseFontFamily, @baseLineHeight for easier customization; added placeholder for @primaryButtonColor, but didn't implement
Mark Otto, Mon Oct 3 23:50:14 2011 -0700 : more small changes to compiled css to try things out
Mark Otto, Mon Oct 3 22:44:35 2011 -0700 : scope the label back to the form element
Mark Otto, Mon Oct 3 22:36:51 2011 -0700 : make links in error messages not be blue, but instead match the text color and be bold:
Mark Otto, Mon Oct 3 22:27:15 2011 -0700 : make it so that checkboxes and radio options-list can have wrapping labels; needs to be cross browser tested yet
Mark Otto, Mon Oct 3 22:14:50 2011 -0700 : overhaul the grid CSS to make it more durable for tables and forms to use the same sizing methods; need to see about improving this in the future
Mark Otto, Mon Oct 3 21:43:53 2011 -0700 : resolve issue with form fields and errors causing no space between fields with consecutive errors; needs more work, but will address later
Mark Otto, Mon Oct 3 21:36:51 2011 -0700 : fix the popover bug in the app example by making the custom css more specific for .content
Mark Otto, Mon Oct 3 21:32:26 2011 -0700 : Merge pull request #346 from alepee/master
Mark Otto, Thu Sep 29 02:21:02 2011 -0700 : adding button groups and toolbars like a boss
Mark Otto, Thu Sep 29 01:47:55 2011 -0700 : round the corners on the search form inputs like a boss
Mark Otto, Thu Sep 29 01:44:51 2011 -0700 : change h4 back to lineheight * 2
Mark Otto, Thu Sep 29 01:43:14 2011 -0700 : update topbar dropdown arrow to match link and hover colors
Mark Otto, Thu Sep 29 01:41:03 2011 -0700 : remove that test gradient
Mark Otto, Thu Sep 29 01:40:27 2011 -0700 : huge update to forms, docs for the new forms, added a new link for js example to tabs/pills, add some new mixins
Mark Otto, Wed Sep 28 20:21:09 2011 -0700 : initial idea for handling closing of modals from whatever element you want with .js-dismiss class
Mark Otto, Wed Sep 28 19:15:31 2011 -0700 : updated forms.less to have better comments while pulling out all the old classes for input elements
Mark Otto, Wed Sep 28 19:06:10 2011 -0700 : pulling out more stuff and fixing file name at top of file
Mark Otto, Sat Sep 17 22:55:29 2011 -0700 : fix broken topbars in javascript
Mark Otto, Sat Sep 17 17:21:43 2011 -0700 : update docs to remove old stuff, update to all new classes; no more backwards compatibility
Mark Otto, Fri Sep 16 14:07:18 2011 -0700 : fix fluid example
Mark Otto, Fri Sep 16 13:01:49 2011 -0700 : Fix spelling mistake in pre on js page (/ul instead of /div).
Mark Otto, Fri Sep 16 10:51:44 2011 -0700 : update alert message for ie7 to adjust dismiss icon, update example pages to clean up a few things from testing
Mark Otto, Fri Sep 16 10:37:52 2011 -0700 : Merge pull request #219 from caniszczyk/1.3-wip
Mark Otto, Fri Sep 16 10:15:45 2011 -0700 : add active class back to tabs
Mark Otto, Fri Sep 16 10:14:35 2011 -0700 : fix tabs jitter bug when there is no active class
Mark Otto, Fri Sep 16 09:55:12 2011 -0700 : expanding comment in application.js
Mark Otto, Fri Sep 16 09:47:36 2011 -0700 : fixing conflict and recompiling
Mark Otto, Fri Sep 16 09:41:58 2011 -0700 : updated table styles a bit and floated the fluid columns to clear the row dropping problem we were having
Mark Otto, Wed Sep 14 08:58:20 2011 -0700 : allow multi-select lists in forms
Mark Otto, Tue Sep 13 22:23:08 2011 -0700 : apply clearfix to appended input pattern to clear the floats
Mark Otto, Tue Sep 13 20:24:30 2011 -0700 : updated browsers image
Mark Otto, Tue Sep 13 14:47:18 2011 -0700 : fix tab-content and pre funkiness, convert p in tab content to div
Mark Otto, Tue Sep 13 10:08:24 2011 -0700 : updates to docs to include more example html, include links to javascript docs where necessary
Mark Otto, Tue Sep 13 09:44:43 2011 -0700 : remove theming section from docs
Mark Otto, Tue Sep 13 09:35:43 2011 -0700 : adding quick and dirty favicons and touch icons for iOS
Mark Otto, Mon Sep 12 22:19:44 2011 -0700 : Merge branch '1.3-wip' of github.com:twitter/bootstrap into 1.3-wip
Mark Otto, Mon Sep 12 22:19:28 2011 -0700 : comment out box-shadow on masthead and footer in docs.css because Opera sucks at inset box-shadow :"
Mark Otto, Mon Sep 12 20:07:26 2011 -0700 : remove theme.less and split preboot.less to mixins.less and variables.less to isolate customization from function
Mark Otto, Mon Sep 12 19:40:48 2011 -0700 : remove adaptive, recomment theme.less to avoid comments in compiled
Mark Otto, Mon Sep 12 19:00:59 2011 -0700 : resolve conflict
Mark Otto, Mon Sep 12 19:00:44 2011 -0700 : fix topbar link with button bug
Mark Otto, Mon Sep 12 14:33:39 2011 -0700 : Link Twitter account in readme
Mark Otto, Mon Sep 12 14:33:00 2011 -0700 : Edited README.md via GitHub
Mark Otto, Mon Sep 12 13:32:58 2011 -0700 : Merge branch '1.3-wip' of github.com:twitter/bootstrap into 1.3-wip
Mark Otto, Mon Sep 12 13:32:46 2011 -0700 : really make modals cover topbars and not cover the modal itself
Mark Otto, Mon Sep 12 13:31:58 2011 -0700 : make modals cover topbars
Mark Otto, Mon Sep 12 09:25:57 2011 -0700 : quick fix for .clearfix with unqualified selector in forms.less
Mark Otto, Mon Sep 12 09:24:54 2011 -0700 : add links
Mark Otto, Mon Sep 12 08:58:46 2011 -0700 : Merge branch '1.3-wip' of github.com:twitter/bootstrap into 1.3-wip
Mark Otto, Sun Sep 11 22:15:49 2011 -0700 : Merge pull request #194 from samsoffes/patch-1
Mark Otto, Sun Sep 11 22:02:26 2011 -0700 : change modal buttons back to be primary first
Mark Otto, Sun Sep 11 21:43:23 2011 -0700 : fix problem with error styles in forms that clashed with alert-messages by qualifying the .error with .clearfix
Mark Otto, Sun Sep 11 21:13:09 2011 -0700 : Merge branch '1.3-wip' of github.com:twitter/bootstrap into 1.3-wip
Mark Otto, Sun Sep 11 21:12:55 2011 -0700 : theme.less file cleanup; fixing blockquotes in wells
Mark Otto, Sun Sep 11 20:47:35 2011 -0700 : update preboot comments about color scheme
Mark Otto, Sun Sep 11 20:46:40 2011 -0700 : update theme.less todos and darken link hover color more
Mark Otto, Sun Sep 11 20:38:45 2011 -0700 : remove border from dropdowns in topbar to prevent it from looking 1px off
Mark Otto, Sun Sep 11 20:17:49 2011 -0700 : Merge branch '1.3-wip' of github.com:twitter/bootstrap into 1.3-wip
Mark Otto, Sun Sep 11 20:17:34 2011 -0700 : make input prepend styles look a bit better
Mark Otto, Sun Sep 11 20:00:45 2011 -0700 : move the .brand from the parent to the a tag in the topbar; fix the moving text in IE7
Mark Otto, Sun Sep 11 19:53:48 2011 -0700 : change template diagrams to be .media-grid
Mark Otto, Sun Sep 11 18:44:25 2011 -0700 : remove qualifying tags in .span selectors for built in grid so that we can use .span-n classes in form styles
Mark Otto, Sun Sep 11 18:09:01 2011 -0700 : oops, double commit last time; apply fixes to make select elements line up in IE7 with their labels, but no height fix
Mark Otto, Sun Sep 11 18:01:29 2011 -0700 : fix legends in ie7
Mark Otto, Sun Sep 11 17:36:15 2011 -0700 : fix legends in ie7
Mark Otto, Sat Sep 10 23:05:30 2011 -0700 : make the less compile docs text now have widows, fix broken table markup
Mark Otto, Sat Sep 10 22:55:59 2011 -0700 : Merge branch '1.3-wip' of github.com:twitter/bootstrap into 1.3-wip
Mark Otto, Sat Sep 10 22:50:59 2011 -0700 : updated styles for the media grids
Mark Otto, Sat Sep 10 22:47:38 2011 -0700 : adding more media sizes
Mark Otto, Sat Sep 10 22:31:55 2011 -0700 : Merge branch '1.3-wip' of github.com:twitter/bootstrap into 1.3-wip
Mark Otto, Sat Sep 10 22:31:43 2011 -0700 : adding media grid styles
Mark Otto, Sat Sep 10 21:54:11 2011 -0700 : add footer to js docs
Mark Otto, Sat Sep 10 21:50:12 2011 -0700 : add stubbed out table for how to compile less
Mark Otto, Sat Sep 10 21:10:18 2011 -0700 : tweak css for topbar to bring back z-index fix; update javascript markup and some heading text
Mark Otto, Sat Sep 10 21:06:09 2011 -0700 : resolved conflict
Mark Otto, Sat Sep 10 21:05:23 2011 -0700 : overhaul docs CSS since it was scalable, converted docs mastheads and footers to classes and HTML5 elements, add masthead to js docs page but make it slate so it looks cool and stands out
Mark Otto, Sat Sep 10 15:32:06 2011 -0700 : spelling mistake
Mark Otto, Sat Sep 10 15:30:42 2011 -0700 : zebra stripe that shit
Mark Otto, Sat Sep 10 15:29:53 2011 -0700 : conflict
Mark Otto, Sat Sep 10 15:29:38 2011 -0700 : adding code and .label sections to type section
Mark Otto, Sat Sep 10 13:18:24 2011 -0700 : Merge branch '1.3-wip' of github.com:twitter/bootstrap into 1.3-wip
Mark Otto, Sat Sep 10 13:18:10 2011 -0700 : adding .brand to topbar for alternative to using an h3 for wordmark; spelling mistakes fixed
Mark Otto, Sat Sep 10 13:04:17 2011 -0700 : conflict
Mark Otto, Sat Sep 10 13:00:07 2011 -0700 : trying to solve firefox active outline, make .input less specific
Mark Otto, Fri Sep 9 21:50:41 2011 -0700 : adding docs for customizing the grid
Mark Otto, Fri Sep 9 21:43:19 2011 -0700 : fix the stacked form legend style
Mark Otto, Fri Sep 9 20:48:45 2011 -0700 : fix the grid before 1.3.0 drops soon
Mark Otto, Fri Sep 9 20:47:38 2011 -0700 : start updating the grid docs for customizing it
Mark Otto, Fri Sep 9 16:00:59 2011 -0700 : add version # to docs
Mark Otto, Fri Sep 9 10:04:07 2011 -0700 : adding nested columns to the grid section
Mark Otto, Fri Sep 9 00:03:01 2011 -0700 : Merge branch '1.3-wip' of github.com:twitter/bootstrap into 1.3-wip
Mark Otto, Fri Sep 9 00:02:47 2011 -0700 : bug fixing
Mark Otto, Thu Sep 8 23:08:38 2011 -0700 : make dropdown menus appear above other elements on the page with a z-index
Mark Otto, Thu Sep 8 23:02:13 2011 -0700 : resolve conflict
Mark Otto, Thu Sep 8 23:01:28 2011 -0700 : update the modals and alert-messages to use the same .close styles, save for some positioning in the modal after knocking down the modal padding
Mark Otto, Thu Sep 8 10:47:05 2011 -0700 : tweaks to table styles to make them use @basefont and @baseline
Mark Otto, Thu Sep 8 10:36:56 2011 -0700 : bump css to 1.3.0, update makefile to reflect that, update form css to prepend form to the .clearfix to prevent some bullshit, small tweaks elsewhere
Mark Otto, Thu Sep 8 09:43:37 2011 -0700 : what up breadcrumbs, we added you
Mark Otto, Tue Sep 6 23:32:20 2011 -0700 : remove active state from dropdown
Mark Otto, Tue Sep 6 23:30:45 2011 -0700 : Merge branch '1.3-wip' of github.com:twitter/bootstrap into 1.3-wip
Mark Otto, Tue Sep 6 23:30:21 2011 -0700 : update diagrams to use smaller border radius, add new container-app example
Mark Otto, Tue Sep 6 21:54:00 2011 -0700 : first pass at enabling active states in dropdowns in topbar and fixing the bug of having an active class on parent dropdown
Mark Otto, Sun Sep 4 14:02:56 2011 -0700 : addng docs for the themes stuff and examples
Mark Otto, Sat Sep 3 22:53:21 2011 -0700 : adding temp theme file to help with customization; still needs work
Mark Otto, Fri Sep 2 23:35:44 2011 -0700 : Merge branch '1.3-wip' of github.com:twitter/bootstrap into 1.3-wip
Mark Otto, Fri Sep 2 23:35:28 2011 -0700 : updated address examples
Mark Otto, Fri Sep 2 23:28:01 2011 -0700 : adding support for and example ul in block-messages
Mark Otto, Fri Sep 2 23:09:59 2011 -0700 : adding link support to regular text in the topbar
Mark Otto, Fri Sep 2 23:01:38 2011 -0700 : updated hero example, added fluid example, resolved issue with tabs and fluid nav
Mark Otto, Fri Sep 2 22:09:49 2011 -0700 : resolve conflict
Mark Otto, Fri Sep 2 22:09:12 2011 -0700 : fix repeated margin-left
Mark Otto, Fri Sep 2 22:08:38 2011 -0700 : updated container mixin to be fixed-container instead so we can keep the .container in scaffolding while removing the repeated code
Mark Otto, Fri Sep 2 21:54:11 2011 -0700 : tweak readonly, disabled, and uneditable form elements
Mark Otto, Fri Sep 2 21:00:01 2011 -0700 : improve CSS properties for centering content, the container, and fluid container so as to not override properties where possible
Mark Otto, Fri Sep 2 12:46:47 2011 -0700 : fix broken checkbox in ie7
Mark Otto, Fri Sep 2 12:35:41 2011 -0700 : remove rounded corners on buttons from IE9 so gradients don't bleed out
Mark Otto, Fri Sep 2 12:31:14 2011 -0700 : fix docs.css spacing, add gradient support for ie9 back
Mark Otto, Fri Sep 2 12:24:28 2011 -0700 : cleanup docs and fix gradient in masthead
Mark Otto, Fri Sep 2 12:19:43 2011 -0700 : add reset filter to preboot for turning off gradients in IE when necessary; make :disabled [disabled] for crossbrowser usage
Mark Otto, Fri Sep 2 12:02:36 2011 -0700 : resolve
Mark Otto, Fri Sep 2 12:02:20 2011 -0700 : button tweaks
Mark Otto, Fri Sep 2 11:54:17 2011 -0700 : resolve conflicts
Mark Otto, Fri Sep 2 11:53:58 2011 -0700 : update the file input to undo the damage of the generic input selector
Mark Otto, Fri Sep 2 09:52:33 2011 -0700 : merge in master after merging a pull request, add comment
Mark Otto, Fri Sep 2 09:51:32 2011 -0700 : Merge pull request #138 from pthrasher/master
Mark Otto, Fri Sep 2 09:48:31 2011 -0700 : cleanup and tweaks
Mark Otto, Fri Sep 2 09:35:26 2011 -0700 : remove fixed width from topbar form to allow for applying classes to resize it
Mark Otto, Fri Sep 2 01:03:16 2011 -0700 : add old dropdown support to tabs dropdowns
Mark Otto, Fri Sep 2 00:58:07 2011 -0700 : fix dropdown bug, remove second topbar from docs now
Mark Otto, Fri Sep 2 00:56:03 2011 -0700 : remove active state from buttons by moving the :active before :disabled
Mark Otto, Fri Sep 2 00:52:22 2011 -0700 : resolve conflicts
Mark Otto, Fri Sep 2 00:50:05 2011 -0700 : add temp second topbar to nav section, fix it's compatibility issues
Mark Otto, Fri Sep 2 00:29:54 2011 -0700 : move comment so less compiles
Mark Otto, Fri Sep 2 00:29:27 2011 -0700 : resolve conflict
Mark Otto, Fri Sep 2 00:28:54 2011 -0700 : add backwards compatability for dropdowns in topbar
Mark Otto, Fri Sep 2 00:02:44 2011 -0700 : remove inset shadow from disabled buttons
Mark Otto, Wed Aug 31 16:27:28 2011 -0700 : merging in remote and recompiling
Mark Otto, Wed Aug 31 16:26:47 2011 -0700 : spelling mistakes and undo of one comment
Mark Otto, Tue Aug 30 18:26:11 2011 -0700 : Merge pull request #126 from DHS/fix-select-labels
Mark Otto, Tue Aug 30 18:25:32 2011 -0700 : Merge pull request #125 from DHS/readme-spelling
Mark Otto, Tue Aug 30 08:27:55 2011 -0700 : change type of comment
Mark Otto, Mon Aug 29 21:42:44 2011 -0700 : remove repeated table reset
Mark Otto, Mon Aug 29 21:41:32 2011 -0700 : adding more grid docs
Mark Otto, Mon Aug 29 21:26:53 2011 -0700 : le merging conflicts
Mark Otto, Mon Aug 29 21:24:00 2011 -0700 : resolving deltas between that epic css selector specifity pull request and latest changes here
Mark Otto, Sat Aug 27 15:30:18 2011 -0700 : redefine the grid to use attribute selectors with css regex, make previously fixed grid values use variables we use elsewhere
Mark Otto, Sat Aug 27 00:49:48 2011 -0700 : Edited readme to include the versioning approach we'll be striving to use
Mark Otto, Fri Aug 26 23:18:39 2011 -0700 : make dropdowns in the topbar black again
Mark Otto, Fri Aug 26 20:38:23 2011 -0700 : adding dropdowns to tabs by refactoring the shizzzz out of them
Mark Otto, Fri Aug 26 16:08:03 2011 -0700 : Merge remote branch 'origin/master' into 1.2-wip
Mark Otto, Fri Aug 26 10:09:57 2011 -0700 : bump less version number in docs
Mark Otto, Fri Aug 26 09:54:08 2011 -0700 : Merge pull request #89 from karthikv/clean-up
Mark Otto, Fri Aug 26 09:53:22 2011 -0700 : Merge pull request #94 from weslly/master
Mark Otto, Thu Aug 25 23:31:16 2011 -0700 : be more specific in gradient mixin
Mark Otto, Thu Aug 25 23:25:21 2011 -0700 : updated le docs to include note about topbar and padding on box (issue #86) and add snippet about @basefont and @baseline to type section
Mark Otto, Thu Aug 25 23:19:01 2011 -0700 : spacing
Mark Otto, Thu Aug 25 23:18:15 2011 -0700 : pull table class from docs again
Mark Otto, Thu Aug 25 23:12:29 2011 -0700 : resolve conflicts in merging in other branch
Mark Otto, Thu Aug 25 23:10:18 2011 -0700 : updated docs for b/i tags based on issue #62
Mark Otto, Thu Aug 25 22:52:21 2011 -0700 : updated classnames in the docs for the alerts, updated colors on error and info alerts/buttons
Mark Otto, Thu Aug 25 22:44:31 2011 -0700 : Merge pull request #87 from igorbozato/patch-1
Mark Otto, Thu Aug 25 22:44:23 2011 -0700 : resolve issue #87 in this branch
Mark Otto, Thu Aug 25 22:41:45 2011 -0700 : merged in my pending changes from 1.2-wip branch, resolve diffs as best as i could, update docs and alerts to use original classes, updated docs to include smaller section for layouts
Mark Otto, Thu Aug 25 15:53:25 2011 -0700 : remove common-table class in the docs
Mark Otto, Thu Aug 25 02:00:07 2011 -0700 : big update to change the alerts, normal and block level, to have simpler css and new colors independent of the base color scheme
Mark Otto, Thu Aug 25 00:13:40 2011 -0700 : base import of normalize into the reset css, tweaks to selector specificity across the board
Mark Otto, Mon Aug 22 12:50:30 2011 -0700 : adding first template to the repo for a generic website page
Mark Otto, Mon Aug 22 12:34:55 2011 -0700 : Bugfix and copy changes
Mark Otto, Mon Aug 22 09:35:09 2011 -0700 : Merge pull request #51 from Tigraine/master
Mark Otto, Mon Aug 22 09:34:39 2011 -0700 : Merge pull request #58 from sankage/master
Mark Otto, Sun Aug 21 20:56:06 2011 -0700 : more tweaks to resolve some missed conflicts
Mark Otto, Sun Aug 21 20:53:52 2011 -0700 : re-add div to error class
Mark Otto, Sun Aug 21 20:51:25 2011 -0700 : resolve conflicts again and rebuild
Mark Otto, Sun Aug 21 20:51:13 2011 -0700 : resolve conflicts
Mark Otto, Sun Aug 21 20:47:24 2011 -0700 : merge in master, resolve conflicts
Mark Otto, Sun Aug 21 20:44:10 2011 -0700 : upated compiled
Mark Otto, Sun Aug 21 20:38:57 2011 -0700 : updated to resolve conflicts
Mark Otto, Sun Aug 21 20:33:54 2011 -0700 : resolve conflicts
Mark Otto, Sun Aug 21 20:30:58 2011 -0700 : fix topbar dropdown active and hover states
Mark Otto, Sun Aug 21 20:27:19 2011 -0700 : remove tags from form selectors
Mark Otto, Sun Aug 21 20:17:10 2011 -0700 : give popovers and modals border colors you can see in IE8 and down
Mark Otto, Sun Aug 21 20:12:18 2011 -0700 : tweak pagination styles to include better border and box shadow
Mark Otto, Sun Aug 21 20:07:15 2011 -0700 : rebuild and updated tables to remove tags from selectors
Mark Otto, Sun Aug 21 20:03:12 2011 -0700 : updated list html, tweaks to patterns
Mark Otto, Sun Aug 21 17:30:45 2011 -0700 : pull filter gradients out completely because IE can't render them correctly in half of all instances and they are performance problems with them; tweak alert message styles, particularly close button;
Mark Otto, Sun Aug 21 17:06:37 2011 -0700 : remove 60px top margin on body and tweak a few other things
Mark Otto, Sat Aug 20 23:56:32 2011 -0700 : fix error styles a bit on stacked form fields
Mark Otto, Sat Aug 20 23:47:23 2011 -0700 : fix bg-clip property's old value, move from padding to padding-box
Mark Otto, Sat Aug 20 23:45:01 2011 -0700 : updated compiled and minified, fix bug where links didn't inherit font weight
Mark Otto, Sat Aug 20 23:38:00 2011 -0700 : more spacing and commenting
Mark Otto, Sat Aug 20 23:32:37 2011 -0700 : more spacing tweaks
Mark Otto, Sat Aug 20 23:25:22 2011 -0700 : docs spacing, spare divs in a few places, updating css spacing
Mark Otto, Sat Aug 20 21:25:21 2011 -0700 : remove rogue ul
Mark Otto, Sat Aug 20 21:14:57 2011 -0700 : fixing conflict to merge in copy changes
Mark Otto, Sat Aug 20 21:06:01 2011 -0700 : Merge pull request #30 from sankage/master
Mark Otto, Sat Aug 20 20:19:03 2011 -0700 : merging in misc fixes to docs and css from other branch
Mark Otto, Sat Aug 20 19:00:56 2011 -0700 : updated compiled css
Mark Otto, Sat Aug 20 18:58:12 2011 -0700 : updated docs to fix inconsistent display of code elements, update scaffolding to fix padding issue on fluid containers, add placeholder hero unit in patterns for future use, continue to refactor some rgba to hex values
Mark Otto, Sat Aug 20 01:51:06 2011 -0700 : adding more details on browser support, adding snippet of about text, changed p tags to have half the bottom margin
Mark Otto, Sat Aug 20 01:11:48 2011 -0700 : updated docs and docs css to not use rgba colors on the layout modules so IE can see that shiz
Mark Otto, Fri Aug 19 22:32:14 2011 -0700 : fix topbar in docs as well
Mark Otto, Fri Aug 19 22:31:03 2011 -0700 : fix spacing and confusion in example h1 heading with small tag
Mark Otto, Fri Aug 19 22:29:10 2011 -0700 : fix typo
Mark Otto, Fri Aug 19 22:28:22 2011 -0700 : updates to the topbar markup and css to remove the logo classname and simplify the selectors for it
Mark Otto, Fri Aug 19 22:15:57 2011 -0700 : remove the cite tag from blockquote since we pulled it from the docs
Mark Otto, Fri Aug 19 13:20:07 2011 -0700 : Oops, adding rel=stylesheet back to docs page
Mark Otto, Fri Aug 19 13:19:07 2011 -0700 : update docs for correct usage of address, emphasis, and more
Mark Otto, Fri Aug 19 11:56:31 2011 -0700 : Merge pull request #1 from nimbupani/patch-2
Mark Otto, Thu Aug 18 11:39:22 2011 -0700 : Merge branch 'master' of http://git.local.twitter.com/bootstrap
Mark Otto, Thu Aug 18 11:37:47 2011 -0700 : tweaks around names and such
Mark Otto, Wed Aug 17 22:40:50 2011 -0700 : capitalize Less instead of using all caps
Mark Otto, Wed Aug 17 22:38:14 2011 -0700 : capitalize github properly, fix url for compiled css
Mark Otto, Wed Aug 17 22:26:25 2011 -0700 : Merge branch 'master' of http://git.local.twitter.com/bootstrap
Mark Otto, Wed Aug 17 22:26:22 2011 -0700 : remove ds stores
Mark Otto, Fri Jul 29 13:10:33 2011 -0700 : resolve compiled css merge prob, refine few small things
Mark Otto, Fri Jul 29 12:30:59 2011 -0700 : no idea what these changes are
Mark Otto, Wed Jul 6 19:43:41 2011 -0700 : remove the twitter logo and change some wording
Mark Otto, Tue Jul 5 14:24:53 2011 -0700 : new popover ideas
Mark Otto, Sat Jul 2 15:29:57 2011 -0700 : Merge branch 'master' of http://git.local.twitter.com/bootstrap
Mark Otto, Fri Jul 1 23:10:39 2011 -0700 : getting popovers in
Mark Otto, Fri Jul 1 22:21:49 2011 -0700 : spacing fixes
Mark Otto, Fri Jul 1 22:21:05 2011 -0700 : rename modals to popovers
Mark Otto, Fri Jul 1 22:19:15 2011 -0700 : drop padding on twipsies
Mark Otto, Fri Jul 1 22:16:29 2011 -0700 : resolve merge conflict
Mark Otto, Fri Jul 1 22:15:16 2011 -0700 : misc updates to docs and form bug fix
Mark Otto, Fri Jul 1 10:41:20 2011 -0700 : Merge branch 'master' of http://git.local.twitter.com/bootstrap
Mark Otto, Thu Jun 30 15:56:25 2011 -0700 : Updated offset columns, fix app.js bug, misc tweaks to copy
Mark Otto, Thu Jun 30 13:56:50 2011 -0700 : fix sentence case on buttons
Mark Otto, Thu Jun 30 13:51:16 2011 -0700 : Merge branch 'master' of http://git.local.twitter.com/bootstrap
Mark Otto, Thu Jun 30 13:51:13 2011 -0700 : changing stacked forms to be lined up left side w/ 20px
Mark Otto, Thu Jun 30 13:37:24 2011 -0700 : remove unused images
Mark Otto, Thu Jun 30 13:36:51 2011 -0700 : Merge branch 'master' of http://git.local.twitter.com/bootstrap
Mark Otto, Thu Jun 30 13:36:47 2011 -0700 : remove unnecessary js lang files from prettify, update styles for prettify
Mark Otto, Thu Jun 30 13:17:58 2011 -0700 : updated docs
Mark Otto, Thu Jun 30 11:13:53 2011 -0700 : fix footer text
Mark Otto, Thu Jun 30 11:13:05 2011 -0700 : Merge branch 'master' of http://git.local.twitter.com/bootstrap
Mark Otto, Thu Jun 30 11:13:00 2011 -0700 : attempts to resolve bad chrome position fixed bug
Mark Otto, Thu Jun 30 10:40:28 2011 -0700 : updated docs, fixed language, added copy-code js for selecting text on focus
Mark Otto, Thu Jun 30 10:21:27 2011 -0700 : updated docs styles, notes in header of master file, etc
Mark Otto, Thu Jun 30 00:31:56 2011 -0700 : adding note in the masthead about less.js and browser support
Mark Otto, Thu Jun 30 00:15:37 2011 -0700 : clean up commented out css, slightly updated docs again
Mark Otto, Wed Jun 29 23:47:54 2011 -0700 : updated docs call to actions for using bootstrap, tweaks to aesthetic
Mark Otto, Wed Jun 29 17:11:02 2011 -0700 : Merge branch 'master' of http://git.local.twitter.com/bootstrap
Mark Otto, Wed Jun 29 17:10:53 2011 -0700 : yo dawg i heard you liked mastheads
Mark Otto, Wed Jun 29 15:51:27 2011 -0700 : trying out new doc style stuff
Mark Otto, Wed Jun 29 13:48:08 2011 -0700 : form bug fix with new baseline, updated docs to fix topbar bug, tweaks to scaffolding for buttons
Mark Otto, Wed Jun 29 07:54:55 2011 -0700 : fix spacing in readme
Mark Otto, Wed Jun 29 07:40:14 2011 -0700 : bunch of small tweaks, fixed a typo
Mark Otto, Tue Jun 28 19:56:26 2011 -0700 : remove display: inline from columns since it's an IE6 specific fix and doesn't work with floats
Mark Otto, Tue Jun 28 19:49:42 2011 -0700 : updated header in master css
Mark Otto, Tue Jun 28 15:54:25 2011 -0700 : update grid bg to 18px baseline, updated docs for disabled buttons
Mark Otto, Tue Jun 28 15:31:05 2011 -0700 : adding attribution in footer, link up names, clean up button styles
Mark Otto, Tue Jun 28 15:11:44 2011 -0700 : Merge branch 'master' of http://git.local.twitter.com/baseline
Mark Otto, Tue Jun 28 15:11:41 2011 -0700 : reseting baseline to 18px, fixing wells, moving pre styles for chili to docs
Mark Otto, Tue Jun 28 14:30:48 2011 -0700 : resolve conflict
Mark Otto, Tue Jun 28 14:23:07 2011 -0700 : stuff
Mark Otto, Tue Jun 28 12:40:01 2011 -0700 : Merge branch 'master' of http://git.local.twitter.com/baseline
Mark Otto, Tue Jun 28 12:39:58 2011 -0700 : nav change to undo the top nav bold active state
Mark Otto, Tue Jun 28 11:56:49 2011 -0700 : new buttons, new modal updates around spacing and placeholder content
Mark Otto, Tue Jun 28 10:47:26 2011 -0700 : resolve conflict in patterns from modals
Mark Otto, Tue Jun 28 10:45:27 2011 -0700 : more modal tweaks i think
Mark Otto, Mon Jun 27 17:32:53 2011 -0700 : Merge branch 'master' of http://git.local.twitter.com/baseline
Mark Otto, Mon Jun 27 17:32:51 2011 -0700 : delete that shit
Mark Otto, Mon Jun 27 17:15:28 2011 -0700 : Merge branch 'master' of http://git.local.twitter.com/baseline
Mark Otto, Mon Jun 27 17:15:26 2011 -0700 : mucho updato around buttons to fix some stuff that was introduced with the bootstrap update
Mark Otto, Mon Jun 27 16:47:12 2011 -0700 : update to use latest version of bootstrap, docs cleanup, etc
Mark Otto, Wed May 11 10:53:06 2011 -0700 : updated to remove mention of blueprint
Mark Otto, Tue May 3 17:35:08 2011 -0700 : Changing up boostrap for better grid variable management and grid structuring
Mark Otto, Fri Apr 29 11:40:24 2011 -0700 : More subtle grid pattern, adding dropdown arrow, adding dropdown arrow styles to the topbar
Mark Otto, Thu Apr 28 17:24:59 2011 -0700 : Added main topbar and shit.
Mark Otto, Thu Apr 28 11:53:10 2011 -0700 : Added compiled CSS file and fixed link to do it
Mark Otto, Thu Apr 28 11:46:32 2011 -0700 : Added in mini layout docs; cleaned up layout markup and added the css for it;
Mark Otto, Wed Apr 27 23:12:49 2011 -0700 : More readme changes
Mark Otto, Wed Apr 27 23:05:19 2011 -0700 : Updated docs styles for footer; updated readme;
Mark Otto, Wed Apr 27 23:00:33 2011 -0700 : Updated documentation; added stacked forms; cleaned up spacing; moved all ids to the section element instead of the page header to fix spacing with bookmarked links;
Mark Otto, Wed Apr 27 15:40:12 2011 -0700 : More documentation and content changes
Mark Otto, Wed Apr 27 14:49:56 2011 -0700 : Remove the unnecessary global.js file, remove the old baseline grid image, add in hashgrid, update readme to remove finished todos;
Mark Otto, Wed Apr 27 13:53:51 2011 -0700 : Porting over all Blueprint styles to new Baseline repo